ts,open,high,low,close,volume,date,ema50,ema200,atr14
1743984000000,1435.96,1494.42,1280.01,1423.84,20377.69049303,2025-04-07 00:00:00+00:00,1423.84,1423.84,
1744070400000,1423.02,1474.03,1316.64,1341.48,8474.50359997,2025-04-08 00:00:00+00:00,1420.6101960784313,1423.0204975124377,
1744156800000,1340.99,1542.12,1255.22,1524.62,14349.3986756,2025-04-09 00:00:00+00:00,1424.6890119184927,1424.0314378356973,
1744243200000,1524.77,1524.78,1315.02,1351.59,14313.7221796,2025-04-10 00:00:00+00:00,1421.8223840001206,1423.310627508974,
1744329600000,1352.17,1405.13,1330.98,1379.16,14105.09417622,2025-04-11 00:00:00+00:00,1420.1493493334492,1422.8713177825166,
1744416000000,1379.12,1469.02,1361.92,1448.65,6804.61179848,2025-04-12 00:00:00+00:00,1421.267021908608,1423.1278220831882,
1744502400000,1448.71,1453.17,1379.01,1407.9,6291.63776461,2025-04-13 00:00:00+00:00,1420.7428249710156,1422.976301465445,
1744588800000,1407.91,1488.39,1406.22,1433.1,5856.5662844,2025-04-14 00:00:00+00:00,1421.2274200701916,1423.0770347841967,
1744675200000,1432.77,1466.73,1403.0,1407.2,8051.31088797,2025-04-15 00:00:00+00:00,1420.6773251654784,1422.9190543385828,
1744761600000,1407.21,1420.37,1353.2,1383.87,7020.53162108,2025-04-16 00:00:00+00:00,1419.2339006491852,1422.5305065342188,
1744848000000,1383.76,1424.72,1374.79,1392.58,5313.170748,2025-04-17 00:00:00+00:00,1418.1886496433347,1422.2324915438287,
1744934400000,1392.83,1404.61,1385.0,1394.77,1701.94514288,2025-04-18 00:00:00+00:00,1417.270271225949,1421.9592329215022,
1745020800000,1394.81,1430.97,1392.21,1415.38,2268.29695363,2025-04-19 00:00:00+00:00,1417.1961429425785,1421.8937679173082,
1745107200000,1415.59,1421.26,1376.0,1387.15,2577.38423451,2025-04-20 00:00:00+00:00,1416.0178628271833,1421.5480587838026,106.4642857142857
1745193600000,1387.13,1439.0,1357.89,1371.93,6849.69793975,2025-04-21 00:00:00+00:00,1414.2889270300388,1421.054346756103,96.94285714285711
1745280000000,1371.93,1561.11,1338.33,1547.28,10367.89388566,2025-04-22 00:00:00+00:00,1419.5042632249395,1422.310323405296,101.6135714285714
1745366400000,1547.59,1611.07,1534.32,1585.47,10694.15133157,2025-04-23 00:00:00+00:00,1426.012723490628,1423.9338027743977,86.60285714285713
1745452800000,1585.06,1588.37,1514.79,1556.48,5542.77706765,2025-04-24 00:00:00+00:00,1431.1290872753093,1425.2526704084835,76.87571428571427
1745539200000,1556.99,1608.25,1534.13,1572.6,6279.68899664,2025-04-25 00:00:00+00:00,1436.6769662056895,1426.718812991484,76.8735714285714
1745625600000,1571.72,1619.76,1568.01,1602.83,3183.11296639,2025-04-26 00:00:00+00:00,1443.1927714525252,1428.4711631109717,72.91999999999997
1745712000000,1603.56,1635.09,1571.0,1579.52,3622.70578724,2025-04-27 00:00:00+00:00,1448.5389372779164,1429.974136612355,72.20071428571426
1745798400000,1579.42,1611.88,1533.29,1577.57,5583.94235376,2025-04-28 00:00:00+00:00,1453.598978953292,1431.442752168451,71.94499999999996
1745884800000,1578.15,1619.41,1565.54,1579.03,4497.80734815,2025-04-29 00:00:00+00:00,1458.5178425237514,1432.9112819976208,71.24071428571426
1745971200000,1578.98,1597.11,1525.05,1583.51,4640.37946013,2025-04-30 00:00:00+00:00,1463.419495758114,1434.4097767041121,71.58999999999999
1746057600000,1584.67,1658.99,1583.2,1627.88,4889.72368936,2025-05-01 00:00:00+00:00,1469.8689272970114,1436.3348535528276,73.43714285714283
1746144000000,1627.64,1651.63,1602.34,1630.75,3736.12552839,2025-05-02 00:00:00+00:00,1476.1779889716386,1438.2693326219537,75.55714285714285
1746230400000,1630.76,1636.22,1605.1,1623.66,1817.94524815,2025-05-03 00:00:00+00:00,1481.9615972472607,1440.1140158794467,75.01142857142858
1746316800000,1623.94,1637.76,1595.0,1598.0,2151.50932677,2025-05-04 00:00:00+00:00,1486.5121228454075,1441.6850206965667,74.83285714285715
1746403200000,1597.92,1620.0,1572.3,1609.28,4535.87520332,2025-05-05 00:00:00+00:00,1491.3265494004895,1443.3526324309291,72.44642857142858
1746489600000,1609.42,1613.32,1544.9,1601.2,3418.86908965,2025-05-06 00:00:00+00:00,1495.6353121690977,1444.9232530037557,61.42071428571429
1746576000000,1602.44,1630.83,1575.4,1602.02,4011.93342621,2025-05-07 00:00:00+00:00,1499.807260711486,1446.4864047151611,59.89785714285714
1746662400000,1602.24,1979.22,1599.48,1965.0,19771.14329664,2025-05-08 00:00:00+00:00,1518.0501132326042,1451.6457439717267,81.76642857142858
1746748800000,1965.0,2211.0,1945.93,2082.93,15133.34765666,2025-05-09 00:00:00+00:00,1540.2022656548552,1457.9271793550927,95.4057142857143
1746835200000,2083.58,2306.74,2060.6,2294.72,11657.15893495,2025-05-10 00:00:00+00:00,1569.7911964134885,1466.2534760779276,109.29071428571429
1746921600000,2294.14,2314.99,2165.44,2235.5,8147.75507758,2025-05-11 00:00:00+00:00,1595.8974240051166,1473.907670345809,115.39499999999998
1747008000000,2239.45,2354.0,2171.19,2248.18,12500.89804725,2025-05-12 00:00:00+00:00,1621.477132867661,1481.6118726309253,122.83928571428568
1747094400000,2248.15,2446.08,2176.91,2396.24,12947.33945978,2025-05-13 00:00:00+00:00,1651.8599904022626,1490.7126500176823,138.2178571428571
1747180800000,2395.96,2433.09,2275.34,2333.53,12516.01293712,2025-05-14 00:00:00+00:00,1678.5921476413896,1499.0988923060638,144.33857142857138
1747267200000,2333.71,2364.48,2217.27,2277.25,8802.04645958,2025-05-15 00:00:00+00:00,1702.0689261652567,1506.8416893975457,149.44
1747353600000,2277.81,2362.45,2262.43,2272.08,8680.83532721,2025-05-16 00:00:00+00:00,1724.4223016097565,1514.4560009458287,153.06357142857138
1747440000000,2272.08,2272.08,2189.7,2217.28,5155.99409501,2025-05-17 00:00:00+00:00,1743.7500544878053,1521.4492745682583,156.72499999999997
1747526400000,2217.28,2315.68,2067.36,2233.07,7155.79159869,2025-05-18 00:00:00+00:00,1762.9390719588716,1528.5300778063852,171.40785714285707
1747612800000,2230.44,2266.0,2096.44,2250.39,6050.28443796,2025-05-19 00:00:00+00:00,1782.0547946271513,1535.7127635993565,180.1121428571428
1747699200000,2250.92,2301.0,2168.66,2236.04,8957.98970834,2025-05-20 00:00:00+00:00,1799.8581360143219,1542.6811938122985,184.6778571428571
1747785600000,2236.49,2304.73,2163.78,2250.06,8999.90899536,2025-05-21 00:00:00+00:00,1817.5131110725838,1549.7197888987434,190.78642857142853
1747872000000,2250.83,2380.0,2246.46,2360.0,12221.0172682,2025-05-22 00:00:00+00:00,1838.7871067167962,1557.7822785614426,173.20071428571424
1747958400000,2359.83,2412.76,2203.6,2224.47,11192.42407657,2025-05-23 00:00:00+00:00,1853.9119260612356,1564.415987232473,169.20714285714283
1748044800000,2224.47,2266.17,2214.82,2227.94,2316.28474648,2025-05-24 00:00:00+00:00,1868.5796936666775,1571.0182162152346,155.2935714285714
1748131200000,2228.14,2246.55,2169.05,2243.93,5076.8100853,2025-05-25 00:00:00+00:00,1883.2993135228862,1577.713855854884,150.14714285714285
1748217600000,2243.94,2279.89,2221.99,2252.05,5562.7665563,2025-05-26 00:00:00+00:00,1897.760124757283,1584.4236682344374,141.225
1748304000000,2251.81,2392.4,2203.88,2347.48,9479.70077184,2025-05-27 00:00:00+00:00,1915.396198296213,1592.0162685505127,135.46428571428572
1748390400000,2347.2,2387.37,2302.01,2387.37,7958.05785578,2025-05-28 00:00:00+00:00,1933.9049748336163,1599.930236027622,130.2935714285714
1748476800000,2387.37,2475.37,2302.8,2313.33,10284.50664064,2025-05-29 00:00:00+00:00,1948.7843875852393,1607.028741141775,132.10499999999996
1748563200000,2313.34,2333.96,2211.01,2232.6,7568.30133224,2025-05-30 00:00:00+00:00,1959.9144116015045,1613.2533307821554,133.74285714285708
1748649600000,2232.6,2249.77,2180.65,2230.42,2768.5219868,2025-05-31 00:00:00+00:00,1970.5224738916418,1619.3942926649202,132.7957142857142
1748736000000,2230.43,2246.85,2180.0,2238.37,2968.94393362,2025-06-01 00:00:00+00:00,1981.0262984449107,1625.5532549269608,119.83357142857137
1748822400000,2238.38,2284.59,2166.13,2277.76,7248.58078915,2025-06-02 00:00:00+00:00,1992.6629141921692,1632.0428742809213,116.18357142857137
1748908800000,2278.0,2331.54,2264.73,2278.86,7314.69557697,2025-06-03 00:00:00+00:00,2003.8863293218883,1638.4788655816087,111.50285714285708
1748995200000,2279.15,2345.0,2271.06,2284.43,5751.27497002,2025-06-04 00:00:00+00:00,2014.8880418975004,1644.9062400534337,106.71642857142852
1749081600000,2284.44,2312.0,2091.55,2110.14,12454.66339972,2025-06-05 00:00:00+00:00,2018.623412803481,1649.5354316946932,112.92428571428566
1749168000000,2110.14,2223.97,2082.09,2174.74,5719.13740201,2025-06-06 00:00:00+00:00,2024.7456319092269,1654.7613477972336,108.11857142857131
1749254400000,2174.81,2232.58,2159.43,2216.23,4514.26347689,2025-06-07 00:00:00+00:00,2032.2548228147475,1660.3481005554702,109.6757142857142
1749340800000,2216.46,2235.0,2189.8,2201.52,5048.95375206,2025-06-08 00:00:00+00:00,2038.8926729004436,1665.732895574819,107.36857142857131
1749427200000,2201.39,2357.7,2172.39,2346.1,9817.41644658,2025-06-09 00:00:00+00:00,2050.9400190612105,1672.502717509398,116.46928571428559
1749513600000,2346.23,2471.29,2329.08,2461.39,13950.64701024,2025-06-10 00:00:00+00:00,2067.0360967450847,1680.3523422107971,113.16142857142846
1749600000000,2461.59,2504.97,2387.5,2409.55,9935.87112095,2025-06-11 00:00:00+00:00,2080.468014519787,1687.608040298252,115.4549999999999
1749686400000,2409.55,2419.63,2261.82,2280.01,10095.58975987,2025-06-12 00:00:00+00:00,2088.293190420972,1693.5025871609562,114.4007142857142
1749772800000,2280.01,2280.12,2115.35,2234.75,10583.72094164,2025-06-13 00:00:00+00:00,2094.036594718189,1698.8881335573647,117.38785714285707
1749859200000,2234.71,2234.71,2157.44,2192.82,4021.92083177,2025-06-14 00:00:00+00:00,2097.9104537488483,1703.8028784970925,117.97285714285707
1749945600000,2192.82,2214.42,2159.42,2207.82,6372.95214592,2025-06-15 00:00:00+00:00,2102.2206320332075,1708.8179742334398,117.1264285714285
1750032000000,2207.82,2318.0,2180.0,2201.81,9260.62265626,2025-06-16 00:00:00+00:00,2106.12609744367,1713.7233675246496,118.52214285714278
1750118400000,2203.11,2264.32,2132.95,2185.41,14974.60168859,2025-06-17 00:00:00+00:00,2109.2352700929378,1718.4167668527625,123.13357142857139
1750204800000,2185.41,2211.99,2147.76,2201.05,7555.30885501,2025-06-18 00:00:00+00:00,2112.835847736352,1723.2190875805957,122.43999999999993
1750291200000,2200.72,2218.0,2170.0,2189.29,3040.37858242,2025-06-19 00:00:00+00:00,2115.834049785907,1727.8566090972067,110.12214285714279
1750377600000,2189.4,2231.08,2050.0,2089.17,10909.58348524,2025-06-20 00:00:00+00:00,2114.788400774695,1731.4517672156426,112.92214285714282
1750464000000,2089.3,2200.61,1925.41,1994.34,10722.88421591,2025-06-21 00:00:00+00:00,2110.064934077648,1734.0675705269298,127.35428571428567
1750550400000,1994.69,2009.94,1839.18,1937.65,11555.55100747,2025-06-22 00:00:00+00:00,2103.3035641138185,1736.0932663425822,136.32285714285712
1750636800000,1936.77,2103.0,1901.28,2080.22,17310.70796145,2025-06-23 00:00:00+00:00,2102.398326305434,1739.5174129461386,137.49499999999998
1750723200000,2081.92,2135.62,2052.15,2107.74,8723.84074297,2025-06-24 00:00:00+00:00,2102.6078037052207,1743.1813192849831,133.29928571428567
1750809600000,2109.58,2123.75,2061.27,2071.53,5832.4425199,2025-06-25 00:00:00+00:00,2101.389066305016,1746.448470336874,129.37142857142854
1750896000000,2071.52,2154.26,2047.37,2066.94,6032.57425016,2025-06-26 00:00:00+00:00,2100.038122528349,1749.6374407812832,125.73428571428572
1750982400000,2066.95,2103.96,2036.98,2070.01,4078.23097378,2025-06-27 00:00:00+00:00,2098.860549095865,1752.8252274401761,118.74928571428572
1751068800000,2070.01,2090.64,2056.06,2080.38,1313.54775947,2025-06-28 00:00:00+00:00,2098.135821680341,1756.0844789084333,115.69714285714285
1751155200000,2080.08,2151.61,2060.0,2132.51,3255.60877399,2025-06-29 00:00:00+00:00,2099.483828673269,1759.8300064814837,118.31214285714286
1751241600000,2132.78,2151.82,2075.06,2110.05,7436.50197371,2025-06-30 00:00:00+00:00,2099.8981883331408,1763.3147825363944,113.93785714285717
1751328000000,2110.05,2120.0,2023.42,2037.58,6998.76067596,2025-07-01 00:00:00+00:00,2097.4543378102726,1766.0437896753358,111.45285714285714
1751414400000,2037.48,2218.37,2010.88,2179.02,9936.95100296,2025-07-02 00:00:00+00:00,2100.6529912294777,1770.153005698467,121.6857142857143
1751500800000,2179.02,2240.0,2168.25,2203.04,11041.44721813,2025-07-03 00:00:00+00:00,2104.668168044008,1774.4603389750994,123.38214285714287
1751587200000,2203.04,2212.19,2102.75,2131.52,4277.50774944,2025-07-04 00:00:00+00:00,2105.72118106189,1778.0131714231086,118.26500000000001
1751673600000,2131.63,2149.44,2115.71,2139.18,1222.70535371,2025-07-05 00:00:00+00:00,2107.0332916084826,1781.6068712099434,101.01714285714287
1751760000000,2139.18,2210.0,2128.4,2182.59,3443.19698503,2025-07-06 00:00:00+00:00,2109.9962997806992,1785.5967530884516,94.64857142857144
1751846400000,2182.43,2206.16,2143.98,2165.45,5036.14584497,2025-07-07 00:00:00+00:00,2112.1709546912602,1789.376387386079,84.68142857142857
1751932800000,2165.42,2241.13,2150.0,2231.7,5742.80103436,2025-07-08 00:00:00+00:00,2116.8583682327794,1793.777617362337,85.22857142857144
1752019200000,2231.71,2383.84,2213.79,2359.77,12609.18576995,2025-07-09 00:00:00+00:00,2126.3843145765923,1799.409382363707,92.91214285714288
1752105600000,2360.36,2557.56,2348.28,2516.5,26531.33101684,2025-07-10 00:00:00+00:00,2141.682968906922,1806.544612389939,100.22571428571428
1752192000000,2515.35,2592.96,2490.0,2518.1,11076.95180201,2025-07-11 00:00:00+00:00,2156.44442110665,1813.624765500487,102.79571428571428
1752278400000,2518.29,2535.03,2473.48,2502.94,4469.35195273,2025-07-12 00:00:00+00:00,2170.0324830240365,1820.4836235552086,104.72214285714287
1752364800000,2503.81,2562.02,2500.01,2536.69,3791.70485213,2025-07-13 00:00:00+00:00,2184.4112091799566,1827.6100551616246,102.60785714285713
1752451200000,2536.62,2630.0,2527.69,2581.09,11152.01907612,2025-07-14 00:00:00+00:00,2199.9672401925072,1835.1073680455886,104.4328571428571
1752537600000,2581.09,2706.49,2510.73,2703.57,11153.0264881,2025-07-15 00:00:00+00:00,2219.716368028095,1843.7487872690158,111.51714285714282
1752624000000,2703.19,2938.02,2670.95,2901.25,23268.32463966,2025-07-16 00:00:00+00:00,2246.443177125033,1854.2711873956923,115.77285714285712
1752710400000,2897.64,3028.68,2847.84,2990.66,26585.13175329,2025-07-17 00:00:00+00:00,2275.6281505711104,1865.5785387648896,123.56499999999996
1752796800000,2990.66,3159.25,2977.05,3050.24,22257.69529957,2025-07-18 00:00:00+00:00,2306.0050858428317,1877.3662149960849,128.7621428571428
1752883200000,3050.78,3101.1,3018.75,3089.87,3198.87599044,2025-07-19 00:00:00+00:00,2336.744886398015,1889.4309292747307,132.23499999999993
1752969600000,3089.87,3282.32,3080.86,3231.63,14074.53917709,2025-07-20 00:00:00+00:00,2371.8384202647594,1902.7861439088133,140.79642857142852
1753056000000,3229.67,3310.0,3182.92,3218.47,12375.61292075,2025-07-21 00:00:00+00:00,2405.039658685749,1915.8775255614619,145.4321428571428
1753142400000,3218.48,3250.37,3091.81,3192.44,17150.76752072,2025-07-22 00:00:00+00:00,2435.918103443171,1928.5796397349798,150.24857142857135
1753228800000,3191.41,3208.26,2995.66,3082.47,19013.06333654,2025-07-23 00:00:00+00:00,2461.273079778733,1940.0611358570197,153.2878571428571
1753315200000,3083.14,3208.5,2985.0,3153.48,12830.14629716,2025-07-24 00:00:00+00:00,2488.418449199175,1952.134955400731,154.3035714285714
1753401600000,3154.55,3195.5,2888.0,3171.28,9738.4872144,2025-07-25 00:00:00+00:00,2515.197333544306,1964.2657518644055,168.9135714285714
1753488000000,3171.33,3227.11,3151.1,3184.55,4312.7338652,2025-07-26 00:00:00+00:00,2541.4464577190392,1976.4078836866504,169.94642857142853
1753574400000,3184.55,3298.25,3179.0,3293.42,8106.15214203,2025-07-27 00:00:00+00:00,2570.9356162398612,1989.5124818589227,174.035
1753660800000,3294.26,3354.04,3237.02,3274.22,10118.62048787,2025-07-28 00:00:00+00:00,2598.515395995161,2002.295641243411,175.08571428571426
1753747200000,3274.3,3359.5,3220.0,3284.18,7712.26720832,2025-07-29 00:00:00+00:00,2625.404203995351,2015.0507094897453,171.06714285714287
1753833600000,3284.08,3334.1,3222.0,3331.21,7691.60421659,2025-07-30 00:00:00+00:00,2653.0828626622,2028.146821833131,159.99785714285713
1753920000000,3331.22,3382.8,3231.1,3239.62,6858.45140554,2025-07-31 00:00:00+00:00,2676.0843190283886,2040.2012813173787,157.9164285714286
1754006400000,3239.63,3264.07,2961.91,3012.58,14582.45056751,2025-08-01 00:00:00+00:00,2689.2802280860988,2049.876691453524,166.48500000000007
1754092800000,3012.15,3055.03,2911.0,2930.83,7140.43291386,2025-08-02 00:00:00+00:00,2698.7527681611537,2058.6423960161756,170.89071428571438
1754179200000,2930.83,3040.69,2896.07,3020.76,4806.3352345,2025-08-03 00:00:00+00:00,2711.3805027430694,2068.2157055085518,166.83071428571435
1754265600000,3020.76,3226.0,3017.53,3213.48,7505.61384468,2025-08-04 00:00:00+00:00,2731.0706791060866,2079.6113701303575,172.6442857142858
1754352000000,3213.18,3213.19,3063.17,3120.49,6633.65289822,2025-08-05 00:00:00+00:00,2746.3420250234954,2089.968371422593,172.05500000000006
1754438400000,3119.7,3171.63,3078.78,3159.23,5379.17463655,2025-08-06 00:00:00+00:00,2762.5337103166917,2100.607790612418,163.5014285714286
1754524800000,3159.23,3362.78,3133.4,3349.86,7585.712223,2025-08-07 00:00:00+00:00,2785.5661138336845,2113.0381608550806,163.9214285714286
1754611200000,3349.47,3492.49,3325.96,3439.85,15861.12816629,2025-08-08 00:00:00+00:00,2811.22430544805,2126.2402687072686,153.85214285714287
1754697600000,3439.9,3695.46,3438.18,3644.97,17244.94742436,2025-08-09 00:00:00+00:00,2843.9202150383226,2141.352007327097,166.8
1754784000000,3644.87,3700.49,3549.37,3646.16,15422.48567489,2025-08-10 00:00:00+00:00,2875.38059876231,2156.325221184539,169.07642857142858
1754870400000,3645.55,3755.56,3582.02,3637.37,17356.79148466,2025-08-11 00:00:00+00:00,2905.262536065749,2171.0619851528522,173.11357142857145
1754956800000,3637.38,3966.73,3634.34,3926.42,25817.45563093,2025-08-12 00:00:00+00:00,2945.307926808269,2188.528234056804,186.89142857142858
1755043200000,3927.36,4064.28,3906.16,4039.98,30202.74495792,2025-08-13 00:00:00+00:00,2988.2362434040233,2206.95063968808,190.17857142857147
1755129600000,4040.79,4100.0,3806.23,3906.63,28367.7944664,2025-08-14 00:00:00+00:00,3024.2516848391597,2223.862872128995,200.32642857142858
1755216000000,3906.63,3998.56,3738.78,3801.12,22352.36096185,2025-08-15 00:00:00+00:00,3054.7171089631142,2239.5569729038307,197.29928571428567
1755302400000,3799.57,3842.19,3744.2,3785.73,9718.31921778,2025-08-16 00:00:00+00:00,3083.384281160639,2254.9417791435935,194.01071428571427
1755388800000,3786.11,3915.47,3765.0,3823.49,7169.8687532,2025-08-17 00:00:00+00:00,3112.408034840614,2270.549224127239,194.4285714285714
1755475200000,3823.74,3830.82,3619.36,3697.12,15364.21715336,2025-08-18 00:00:00+00:00,3135.337915827257,2284.7439582155253,194.64214285714283
1755561600000,3698.73,3734.85,3492.47,3501.19,12990.58694931,2025-08-19 00:00:00+00:00,3149.6850563830512,2296.8478989297987,201.21857142857144
1755648000000,3501.1,3756.53,3496.26,3721.94,11414.42081843,2025-08-20 00:00:00+00:00,3172.126426720971,2311.02791983597,213.17714285714285
1755734400000,3720.48,3725.76,3621.92,3636.49,5569.0026872,2025-08-21 00:00:00+00:00,3190.3367629279915,2324.2165972505377,204.21
1755820800000,3638.05,4157.83,3625.56,4098.87,25817.4713549,2025-08-22 00:00:00+00:00,3225.965517322972,2341.874840063965,230.33428571428573
1755907200000,4100.1,4100.1,3956.43,4053.93,5729.74499159,2025-08-23 00:00:00+00:00,3258.4347127220713,2358.910214789697,222.21928571428575
1755993600000,4054.2,4205.0,4012.29,4078.63,16675.54797908,2025-08-24 00:00:00+00:00,3290.599233791794,2376.021854443531,225.19000000000005
1756080000000,4078.61,4095.66,3733.01,3770.45,14581.69021194,2025-08-25 00:00:00+00:00,3309.4169108979986,2389.8967613644913,238.69785714285717
1756166400000,3770.1,3980.0,3707.18,3954.62,13711.64089988,2025-08-26 00:00:00+00:00,3334.7189928235675,2405.466146823551,234.4428571428572
1756252800000,3954.62,4022.34,3850.57,3870.08,8967.47875102,2025-08-27 00:00:00+00:00,3355.713542124604,2420.039418994461,235.41785714285717
1756339200000,3870.09,3975.03,3793.1,3860.97,5940.49729826,2025-08-28 00:00:00+00:00,3375.527520864816,2434.3770367159095,227.42928571428575
1756425600000,3862.76,3865.26,3658.0,3733.21,8708.78572899,2025-08-29 00:00:00+00:00,3389.5542847524703,2447.3007477933634,223.67785714285722
1756512000000,3734.51,3779.88,3650.0,3746.35,3476.15280352,2025-08-30 00:00:00+00:00,3403.546273585707,2460.2266109994,225.95571428571435
1756598400000,3746.35,3849.94,3745.34,3758.6,4515.7160396,2025-08-31 00:00:00+00:00,3417.4699491313654,2473.1457491984106,222.67928571428578
1756684800000,3758.6,3830.0,3600.0,3683.09,7798.04217421,2025-09-01 00:00:00+00:00,3427.886421714449,2485.1849954750437,224.00357142857152
1756771200000,3683.43,3787.0,3660.44,3717.4,7459.09859722,2025-09-02 00:00:00+00:00,3439.2398953727065,2497.4458412912127,215.73071428571436
1756857600000,3717.61,3847.0,3683.86,3818.4,5444.97662102,2025-09-03 00:00:00+00:00,3454.108919083581,2510.589663765927,208.7928571428572
1756944000000,3817.79,3845.0,3664.54,3688.65,7650.0644825,2025-09-04 00:00:00+00:00,3463.3066085312835,2522.311657161291,214.26571428571432
1757030400000,3688.65,3830.0,3628.94,3677.95,7682.1326884,2025-09-05 00:00:00+00:00,3471.7239964320174,2533.8105461447603,190.6078571428572
1757116800000,3678.46,3695.0,3616.38,3649.98,2148.48308795,2025-09-06 00:00:00+00:00,3478.7144279444874,2544.916709864713,185.96142857142857
1757203200000,3649.98,3702.98,3645.57,3676.62,2377.45557707,2025-09-07 00:00:00+00:00,3486.4754307701937,2556.177439119791,176.29714285714286
1757289600000,3676.62,3730.0,3641.32,3660.44,7082.58476325,2025-09-08 00:00:00+00:00,3493.29757073999,2567.1651262927285,156.72785714285715
1757376000000,3659.27,3723.41,3635.02,3682.43,7886.63772628,2025-09-09 00:00:00+00:00,3500.7145287501867,2578.262289215189,143.5542857142857
1757462400000,3683.35,3799.25,3663.88,3715.72,11538.3799005,2025-09-10 00:00:00+00:00,3509.1461158580223,2589.5802763871775,140.9542857142857
1757548800000,3716.57,3832.14,3709.31,3801.78,6466.04174263,2025-09-11 00:00:00+00:00,3520.6219544518253,2601.641965179345,136.73285714285709
1757635200000,3801.76,4044.54,3796.32,4013.93,11151.82973822,2025-09-12 00:00:00+00:00,3539.9673680027345,2615.694582441242,139.65857142857135
1757721600000,4014.05,4056.54,3912.93,3967.49,6127.05193175,2025-09-13 00:00:00+00:00,3556.732961414392,2629.145283113469,140.63928571428565
1757808000000,3966.97,3985.15,3858.43,3928.46,7984.65901284,2025-09-14 00:00:00+00:00,3571.3104923393175,2642.0737877591064,142.21928571428566
1757894400000,3928.46,3983.18,3800.0,3846.99,5293.66945286,2025-09-15 00:00:00+00:00,3582.1214534240503,2654.0630038013046,138.87499999999994
1757980800000,3846.39,3858.89,3740.69,3793.38,6806.89004653,2025-09-16 00:00:00+00:00,3590.406102309382,2665.3994913256697,138.27785714285707
1758067200000,3793.62,3906.0,3715.32,3882.93,9986.67915549,2025-09-17 00:00:00+00:00,3601.8776277090137,2677.514222755265,140.24499999999992
1758153600000,3882.75,3937.0,3863.4,3893.03,5509.33870273,2025-09-18 00:00:00+00:00,3613.295367798856,2689.608907105959,132.61214285714277
1758240000000,3892.86,3923.39,3780.0,3808.49,3434.29974107,2025-09-19 00:00:00+00:00,3620.9500592577247,2700.7420523088854,128.49285714285705
1758326400000,3808.64,3843.26,3800.0,3818.86,1385.15740078,2025-09-20 00:00:00+00:00,3628.7112334044805,2711.867604027205,125.96714285714279
1758412800000,3818.86,3830.0,3790.0,3790.01,3250.52470875,2025-09-21 00:00:00+00:00,3635.036675231756,2722.59538906176,124.72357142857138
1758499200000,3790.12,3799.76,3455.28,3563.35,12305.04128968,2025-09-22 00:00:00+00:00,3632.2254330658047,2730.961106583534,142.99499999999995
1758585600000,3563.35,3584.99,3491.81,3525.96,4553.11686787,2025-09-23 00:00:00+00:00,3628.0581611808716,2738.8715433339466,143.33714285714282
1758672000000,3525.96,3584.0,3457.0,3538.95,4764.83526672,2025-09-24 00:00:00+00:00,3624.5637234875044,2746.832523002266,142.73928571428567
1758758400000,3538.77,3545.16,3281.8,3323.97,16735.59952829,2025-09-25 00:00:00+00:00,3612.775734331132,2752.57518446493,152.7771428571428
1758844800000,3325.33,3479.95,3318.96,3450.83,5750.01314153,2025-09-26 00:00:00+00:00,3606.4249212201075,2759.5229935747316,146.54642857142852
1758931200000,3450.83,3456.12,3399.1,3438.12,1491.37698252,2025-09-27 00:00:00+00:00,3599.824728231084,2766.2752025938885,140.3614285714285
1759017600000,3438.92,3543.7,3393.88,3542.69,2575.60773203,2025-09-28 00:00:00+00:00,3597.5841506533948,2774.0007229660887,142.01142857142847
1759104000000,3541.74,3613.41,3481.0,3596.85,4693.87129398,2025-09-29 00:00:00+00:00,3597.555360431693,2782.1882779614507,138.3849999999999
1759190400000,3595.96,3623.19,3484.2,3533.38,5711.32065977,2025-09-30 00:00:00+00:00,3595.03867963045,2789.662822459347,139.86999999999992
1759276800000,3533.38,3710.0,3506.2,3706.29,6554.79494998,2025-10-01 00:00:00+00:00,3599.4014765076877,2798.7834908925875,140.8071428571428
1759363200000,3706.28,3850.0,3696.01,3825.0,5877.23151685,2025-10-02 00:00:00+00:00,3608.248477428955,2808.994600435945,146.54928571428565
1759449600000,3825.0,3905.26,3772.9,3839.86,6274.91888551,2025-10-03 00:00:00+00:00,3617.331282235663,2819.2519675957865,145.76142857142852
1759536000000,3840.47,3844.87,3772.43,3813.66,3660.33838105,2025-10-04 00:00:00+00:00,3625.030447638186,2829.1465748833907,147.84571428571422
1759622400000,3813.85,3905.66,3796.63,3841.79,4917.59366062,2025-10-05 00:00:00+00:00,3633.53082224061,2839.2226288646507,152.7764285714285
1759708800000,3841.79,4033.67,3824.54,3993.57,9114.72749051,2025-10-06 00:00:00+00:00,3647.650005682155,2850.708672358535,143.10857142857137
1759795200000,3991.9,4074.0,3802.0,3817.66,10252.18356985,2025-10-07 00:00:00+00:00,3654.317064282855,2860.330078603724,155.88142857142853
1759881600000,3818.44,3928.73,3793.73,3892.36,5561.28868456,2025-10-08 00:00:00+00:00,3663.6520813698016,2870.599033045478,156.45285714285708
1759968000000,3892.06,3894.9,3690.49,3776.98,7721.77564444,2025-10-09 00:00:00+00:00,3668.096313472947,2879.617749134578,152.24214285714285
1760054400000,3777.47,3798.0,2967.93,3340.39,36449.15565882,2025-10-10 00:00:00+00:00,3655.2450854936155,2884.202547650652,200.03357142857143
1760140800000,3339.0,3383.32,3182.42,3270.44,9697.43184156,2025-10-11 00:00:00+00:00,3640.1546899840623,2888.045706380496,210.3107142857143
1760227200000,3270.44,3634.04,3224.63,3586.7,10052.02538483,2025-10-12 00:00:00+00:00,3638.0584276317463,2894.997490396611,228.85285714285718
1760313600000,3585.48,3713.0,3498.75,3671.57,5665.20989896,2025-10-13 00:00:00+00:00,3639.3726069403056,2902.724580044406,234.69857142857148
1760400000000,3671.58,3693.26,3372.55,3556.19,9930.28678832,2025-10-14 00:00:00+00:00,3636.1105439230387,2909.2267235265513,247.67857142857147
1760486400000,3558.61,3624.68,3371.98,3424.45,11910.77934791,2025-10-15 00:00:00+00:00,3627.810130435861,2914.3533232924565,251.17142857142858
1760572800000,3424.45,3507.35,3276.24,3331.24,7607.74779048,2025-10-16 00:00:00+00:00,3616.179929242298,2918.50144942885,256.68
1760659200000,3330.88,3374.75,3135.0,3292.7,13474.68516485,2025-10-17 00:00:00+00:00,3603.494441821031,2922.2248180912497,264.35071428571433
1760745600000,3292.7,3374.59,3283.38,3342.34,1952.57250744,2025-10-18 00:00:00+00:00,3593.253091161383,2926.4050686575065,265.6914285714286
1760832000000,3342.58,3459.9,3285.86,3419.19,3726.83571766,2025-10-19 00:00:00+00:00,3586.4270875864268,2931.3084013076805,270.33500000000004
1760918400000,3419.19,3503.17,3357.46,3418.58,5209.24217582,2025-10-20 00:00:00+00:00,3579.8448488575473,2936.1568749265093,265.805
1761004800000,3418.58,3537.0,3302.55,3341.42,6711.3907691,2025-10-21 00:00:00+00:00,3570.4948547847025,2940.1893438327133,263.1228571428572
1761091200000,3340.41,3352.22,3194.93,3278.67,5586.43609249,2025-10-22 00:00:00+00:00,3559.0507428323613,2943.5573105607464,264.71500000000003
1761177600000,3279.03,3388.06,3272.46,3321.34,4298.22733701,2025-10-23 00:00:00+00:00,3549.7287529173664,2947.3163422964603,258.37142857142857
1761264000000,3321.36,3457.87,3312.45,3385.09,3387.29009946,2025-10-24 00:00:00+00:00,3543.2723312343323,2951.6722990895305,209.46785714285713
1761350400000,3385.08,3409.37,3365.82,3398.55,1126.84218942,2025-10-25 00:00:00+00:00,3537.5969456957314,2956.118843377197,198.22857142857137
1761436800000,3399.64,3585.86,3371.52,3572.93,4701.61658039,2025-10-26 00:00:00+00:00,3538.9825556684477,2962.2562678212053,184.295
1761523200000,3572.94,3657.26,3518.24,3535.88,7009.30436268,2025-10-27 00:00:00+00:00,3538.860886818705,2967.963966648855,178.92142857142858
1761609600000,3535.68,3583.75,3373.26,3418.23,8055.66223385,2025-10-28 00:00:00+00:00,3534.1302638062066,2972.4442256871753,171.04857142857142
1761696000000,3418.23,3472.31,3317.0,3364.84,6760.10502202,2025-10-29 00:00:00+00:00,3527.4914299314537,2976.348661252477,164.09214285714285
1761782400000,3364.65,3399.18,3182.96,3287.09,12060.95471237,2025-10-30 00:00:00+00:00,3518.0639228753184,2979.4406148718554,163.0285714285714
1761868800000,3289.72,3384.54,3282.11,3331.75,7093.93458049,2025-10-31 00:00:00+00:00,3510.7574945272668,2982.946180893031,153.21999999999997
1761955200000,3331.76,3361.48,3319.02,3351.45,2456.64454679,2025-11-01 00:00:00+00:00,3504.5101418007075,2986.612885560762,149.7378571428571
1762041600000,3351.45,3393.22,3326.28,3386.59,3589.08470431,2025-11-02 00:00:00+00:00,3499.8858225144054,2990.5927573462272,142.08785714285708
1762128000000,3386.59,3392.45,3087.7,3126.19,10017.21568721,2025-11-03 00:00:00+00:00,3485.2310843765854,2991.94198364129,153.4478571428571
1762214400000,3126.26,3174.22,2664.0,2861.91,24575.2854159,2025-11-04 00:00:00+00:00,3460.787120283386,2990.648133057795,173.1457142857142
1762300800000,2861.91,3030.01,2758.0,2979.98,10769.31355063,2025-11-05 00:00:00+00:00,3441.931939095802,2990.5419824801056,181.33999999999995
1762387200000,2979.42,3003.46,2809.67,2869.2,4617.50051451,2025-11-06 00:00:00+00:00,3419.4718630528296,2989.334599569856,186.92499999999995
1762473600000,2869.2,3005.91,2760.63,2968.83,9614.62111087,2025-11-07 00:00:00+00:00,3401.7996331291893,2989.1305737034895,194.05785714285707
1762560000000,2968.83,3009.54,2900.99,2939.4,2514.07405728,2025-11-08 00:00:00+00:00,3383.6663141829467,2988.6357421243506,198.70071428571424
1762646400000,2939.24,3132.71,2905.0,3102.26,4325.18208308,2025-11-09 00:00:00+00:00,3372.630772450282,2989.766331754954,199.65571428571425
1762732800000,3102.26,3161.56,3037.24,3085.69,5127.53333435,2025-11-10 00:00:00+00:00,3361.3781931385065,2990.7207961156014,198.6057142857142
1762819200000,3085.69,3153.0,2941.0,2949.4,6100.6701502,2025-11-11 00:00:00+00:00,3345.2221855644475,2990.309643915446,198.71357142857138
1762905600000,2949.66,3099.0,2910.06,2946.81,6144.29767154,2025-11-12 00:00:00+00:00,3329.5981782874105,2989.8768116376805,201.11571428571423
1762992000000,2946.81,3074.55,2711.67,2778.47,9717.54462699,2025-11-13 00:00:00+00:00,3307.9853085506493,2987.7732612731265,211.59142857142857
1763078400000,2778.31,2799.16,2635.64,2676.58,13629.03749296,2025-11-14 00:00:00+00:00,3283.224316058467,2984.6768109122,215.95499999999998
1763164800000,2676.62,2779.0,2674.86,2726.22,3068.86718209,2025-11-15 00:00:00+00:00,3261.3810095463705,2982.1051013508845,220.36071428571427
1763251200000,2726.22,2794.0,2575.09,2661.37,8887.40616717,2025-11-16 00:00:00+00:00,3237.8511660347485,2978.9137073075926,231.21571428571428
1763337600000,2661.31,2772.46,2547.54,2608.45,10689.96571132,2025-11-17 00:00:00+00:00,3213.1687673667193,2975.227501264731,225.51357142857142
1763424000000,2609.7,2734.85,2538.12,2695.6,10454.11488506,2025-11-18 00:00:00+00:00,3192.8719529601813,2972.445138068067,203.1214285714286
1763510400000,2695.6,2696.87,2491.12,2620.0,11964.44884311,2025-11-19 00:00:00+00:00,3170.4063861774293,2968.93822127137,198.38857142857142
1763596800000,2620.0,2656.39,2418.0,2455.08,14539.65112976,2025-11-20 00:00:00+00:00,3142.354371033217,2963.825204144292,201.5742857142857
1763683200000,2455.08,2498.49,2277.92,2401.52,14224.33618235,2025-11-21 00:00:00+00:00,3113.3020427574043,2958.23012748614,199.80928571428572
1763769600000,2401.38,2430.86,2350.46,2406.37,2346.2942615,2025-11-22 00:00:00+00:00,3085.5792175512315,2952.7389819390146,197.79857142857142
1763856000000,2406.37,2489.53,2405.58,2435.87,6427.96476375,2025-11-23 00:00:00+00:00,3060.100424706085,2947.596006994348,187.53
1763942400000,2435.87,2590.03,2402.88,2563.87,9104.37638967,2025-11-24 00:00:00+00:00,3040.6404080509446,2943.777837770524,192.01785714285714
1764028800000,2563.87,2574.0,2470.0,2559.0,7950.87935186,2025-11-25 00:00:00+00:00,3021.752548911692,2939.949202568828,184.30357142857142
1764115200000,2558.98,2624.83,2496.45,2610.05,7289.93465635,2025-11-26 00:00:00+00:00,3005.607350915155,2936.66662343879,179.97785714285715
1764201600000,2610.05,2644.18,2576.28,2600.13,5753.36746236,2025-11-27 00:00:00+00:00,2989.706278330247,2933.3180003199964,158.90785714285713
1764288000000,2600.23,2679.29,2585.0,2615.47,4053.47020994,2025-11-28 00:00:00+00:00,2975.0303458467083,2930.1553336501456,153.9628571428571
1764374400000,2615.47,2632.89,2560.01,2580.88,1955.90854936,2025-11-29 00:00:00+00:00,2959.5734695389942,2926.6799571959154,151.72999999999996
1764460800000,2580.88,2633.93,2570.01,2580.37,1767.09825194,2025-11-30 00:00:00+00:00,2944.702745243347,2923.2340869750606,140.65928571428566
1764547200000,2580.37,2585.84,2339.82,2411.55,19963.76883873,2025-12-01 00:00:00+00:00,2923.7947944494904,2918.14270302506,142.1664285714285
1764633600000,2411.62,2612.92,2396.02,2577.26,9044.69253421,2025-12-02 00:00:00+00:00,2910.2051946671572,2914.7508353332687,143.6071428571428
1764720000000,2577.26,2754.86,2568.49,2733.57,7480.89284851,2025-12-03 00:00:00+00:00,2903.2783242880528,2912.9480409518433,142.2228571428571
1764806400000,2733.7,2778.77,2634.29,2692.06,5749.28070237,2025-12-04 00:00:00+00:00,2894.9952527473447,2910.750149997099,135.51499999999996
1764892800000,2692.06,2740.94,2566.35,2599.22,9217.8810417,2025-12-05 00:00:00+00:00,2883.3962232278413,2907.650347509566,132.2307142857143
1764979200000,2599.22,2639.91,2591.37,2613.03,2133.75368902,2025-12-06 00:00:00+00:00,2872.793626238514,2904.718801763202,129.95499999999998
1765065600000,2613.03,2706.77,2500.0,2632.28,3242.09716861,2025-12-07 00:00:00+00:00,2863.3617193272,2902.007967914812,138.72785714285712
1765152000000,2630.05,2728.46,2614.45,2684.77,6963.82873128,2025-12-08 00:00:00+00:00,2856.3581224908394,2899.8463960947647,133.5035714285714
1765238400000,2684.98,2918.82,2655.61,2855.57,10340.87764853,2025-12-09 00:00:00+00:00,2856.327215726493,2899.4058349395928,144.87571428571428
1765324800000,2853.52,2950.0,2827.52,2840.09,9636.12423424,2025-12-10 00:00:00+00:00,2855.6904621685912,2898.815627626761,144.4542857142857
1765411200000,2841.77,2844.91,2681.86,2757.72,7688.94251245,2025-12-11 00:00:00+00:00,2851.848483260019,2897.41169103346,151.25071428571428
1765497600000,2758.34,2782.95,2595.79,2629.54,7036.85811412,2025-12-12 00:00:00+00:00,2843.1305035243317,2894.7463010729284,157.88428571428568
1765584000000,2629.83,2672.18,2624.78,2654.8,2201.50115758,2025-12-13 00:00:00+00:00,2835.744993582201,2892.3587756891184,156.0642857142857
1765670400000,2654.69,2666.95,2576.01,2610.0,4915.60054592,2025-12-14 00:00:00+00:00,2826.8922487358404,2889.5492356325103,157.9942857142857
1765756800000,2610.0,2705.22,2465.68,2522.78,8993.77903965,2025-12-15 00:00:00+00:00,2814.96627819718,2885.8997905018387,157.53142857142853
1765843200000,2522.73,2533.15,2448.87,2520.77,8371.32889121,2025-12-16 00:00:00+00:00,2803.429169248271,2882.266658258039,148.0585714285714
1765929600000,2520.52,2578.0,2375.65,2413.17,11259.01451909,2025-12-17 00:00:00+00:00,2788.1248881012802,2877.5990298176607,149.19999999999996
1766016000000,2412.08,2556.31,2367.0,2411.49,13221.64765754,2025-12-18 00:00:00+00:00,2773.3548924894653,2872.961129023455,152.4021428571428
1766102400000,2411.44,2573.26,2396.34,2542.72,8810.03313234,2025-12-19 00:00:00+00:00,2764.310386901643,2869.6751476401378,152.56857142857137
1766188800000,2542.72,2555.0,2533.53,2542.1,2214.6562979,2025-12-20 00:00:00+00:00,2755.596254081971,2866.4156934347634,150.63499999999993
1766275200000,2541.94,2573.18,2513.59,2562.37,3204.81166784,2025-12-21 00:00:00+00:00,2748.0187539218937,2863.3903631518306,140.12214285714276
1766361600000,2562.46,2620.0,2521.66,2555.9,9841.29480712,2025-12-22 00:00:00+00:00,2740.484685140643,2860.33075754833,139.00285714285704
1766448000000,2557.31,2579.84,2461.92,2512.01,9211.95347925,2025-12-23 00:00:00+00:00,2731.5248935665,2856.8648793637694,128.62499999999991
1766534400000,2512.06,2521.81,2451.76,2501.08,5120.02495273,2025-12-24 00:00:00+00:00,2722.4878389168334,2853.3247313103984,124.87999999999988
1766620800000,2500.98,2519.56,2453.52,2463.79,3271.01303192,2025-12-25 00:00:00+00:00,2712.342825625977,2849.448763834673,117.95071428571418
1766707200000,2463.34,2537.77,2454.72,2485.64,3331.77331999,2025-12-26 00:00:00+00:00,2703.452518738684,2845.828776134826,110.51428571428563
1766793600000,2486.22,2511.44,2476.63,2502.56,2121.12683479,2025-12-27 00:00:00+00:00,2695.5743807489316,2842.4131664220417,109.61499999999994
1766880000000,2501.96,2510.5,2481.82,2503.69,2419.10696011,2025-12-28 00:00:00+00:00,2688.049503072503,2839.0427866566483,105.1678571428571
1766966400000,2503.94,2592.39,2472.19,2492.92,6802.33079731,2025-12-29 00:00:00+00:00,2680.3973656971107,2835.598778829219,96.64357142857138
1767052800000,2492.92,2554.01,2477.93,2529.0,7761.01004691,2025-12-30 00:00:00+00:00,2674.4602141011455,2832.5480447115156,96.0578571428571
1767139200000,2529.0,2573.93,2518.46,2525.99,7968.93041178,2025-12-31 00:00:00+00:00,2668.637852763846,2829.497715908416,85.56642857142853
1767225600000,2525.99,2558.47,2525.8,2553.9,2305.47146661,2026-01-01 00:00:00+00:00,2664.1383291260477,2826.7554500784818,74.37785714285708
1767312000000,2553.79,2682.97,2542.64,2666.52,8351.87307477,2026-01-02 00:00:00+00:00,2664.23172798385,2825.1610674906365,71.76428571428563
1767398400000,2666.52,2675.61,2624.1,2669.04,3268.85624533,2026-01-03 00:00:00+00:00,2664.4202876707577,2823.6076240330185,73.90999999999995
1767484800000,2668.99,2701.61,2661.75,2685.9,3880.72861323,2026-01-04 00:00:00+00:00,2665.262629330728,2822.2373989182624,72.50071428571427
1767571200000,2685.91,2784.33,2681.45,2753.43,6914.91195915,2026-01-05 00:00:00+00:00,2668.720173278543,2821.5527481827576,72.82499999999997
1767657600000,2753.48,2826.95,2718.87,2821.23,10530.52040925,2026-01-06 00:00:00+00:00,2674.7009507970315,2821.5495367580534,72.12214285714283
1767744000000,2819.91,2819.95,2675.0,2712.75,6037.66051604,2026-01-07 00:00:00+00:00,2676.193070373619,2820.4669543027494,77.56357142857142
1767830400000,2712.24,2724.95,2617.18,2663.04,5036.23012898,2026-01-08 00:00:00+00:00,2675.6772636923006,2818.900516946503,80.5442857142857
1767916800000,2663.27,2699.85,2629.57,2651.1,4253.25664904,2026-01-09 00:00:00+00:00,2674.7134494298575,2817.2308600614638,79.63214285714282
1768003200000,2651.24,2665.0,2644.03,2651.44,1616.2518706,2026-01-10 00:00:00+00:00,2673.8007651384905,2815.581199762345,78.64357142857138
1768089600000,2651.44,2700.51,2650.4,2683.85,2582.97131027,2026-01-11 00:00:00+00:00,2674.1948527801187,2814.2704415557546,80.17428571428569
1768176000000,2683.7,2716.4,2622.02,2650.36,5216.63370548,2026-01-12 00:00:00+00:00,2673.2601526710946,2812.6394918885335,78.33
1768262400000,2650.33,2898.29,2649.01,2854.2,7863.41505742,2026-01-13 00:00:00+00:00,2680.355832958503,2813.0530292826775,90.70142857142852
1768348800000,2854.54,2921.21,2815.4,2880.96,10598.4643006,2026-01-14 00:00:00+00:00,2688.2226630385617,2813.7287205335965,94.29714285714282
1768435200000,2881.31,2915.0,2816.24,2858.14,6613.23429069,2026-01-15 00:00:00+00:00,2694.8860880174416,2814.1706238118695,99.01785714285714
1768521600000,2858.21,2865.0,2805.74,2841.25,3527.64291927,2026-01-16 00:00:00+00:00,2700.6258492716597,2814.440070341105,93.22714285714288
1768608000000,2841.25,2870.0,2830.36,2856.55,1986.8031309,2026-01-17 00:00:00+00:00,2706.7405218492418,2814.859074616318,92.37928571428571
1768694400000,2856.33,2904.66,2819.28,2824.17,2797.56433815,2026-01-18 00:00:00+00:00,2711.345599423781,2814.9517206400365,95.63071428571425
1768780800000,2824.96,2824.96,2716.46,2738.58,6403.64954358,2026-01-19 00:00:00+00:00,2712.4136151326525,2814.1918030217275,96.03214285714282
1768867200000,2738.56,2747.07,2460.01,2504.23,12732.73241357,2026-01-20 00:00:00+00:00,2704.249551794117,2811.1076059767356,108.81642857142853
1768953600000,2504.24,2624.12,2447.82,2552.93,13156.17213612,2026-01-21 00:00:00+00:00,2698.3154517237595,2808.538674573982,110.96428571428565
1769040000000,2552.87,2596.94,2477.0,2509.26,5340.20951094,2026-01-22 00:00:00+00:00,2690.901512440475,2805.5607773145393,111.83357142857137
1769126400000,2509.79,2559.0,2461.06,2497.99,4914.5349003,2026-01-23 00:00:00+00:00,2683.3363550898684,2802.5003715701164,113.80928571428568
1769212800000,2497.99,2507.81,2488.03,2494.71,1917.53637392,2026-01-24 00:00:00+00:00,2675.93924312556,2799.437780808225,113.72428571428567
1769299200000,2494.51,2500.08,2342.31,2373.87,11016.11262447,2026-01-25 00:00:00+00:00,2664.0933904539693,2795.2032755265514,121.41428571428567
1769385600000,2373.25,2482.44,2371.3,2464.9,8322.50923723,2026-01-26 00:00:00+00:00,2656.2818849459704,2791.9166757700687,122.6114285714285
1769472000000,2464.92,2520.48,2430.25,2514.54,8772.62410971,2026-01-27 00:00:00+00:00,2650.7233796539717,2789.1567088469833,111.25071428571424
1769558400000,2513.99,2542.36,2486.89,2509.82,6278.2958308,2026-01-28 00:00:00+00:00,2645.1977569224437,2786.3772391072125,107.65499999999997
1769644800000,2510.18,2513.25,2300.31,2355.32,10925.45623248,2026-01-29 00:00:00+00:00,2633.8300017490146,2782.0881123499266,115.81071428571424
1769731200000,2355.16,2359.12,2218.52,2281.21,17222.25737588,2026-01-30 00:00:00+00:00,2620.001766386308,2777.1042505355,121.62071428571423
1769817600000,2281.28,2287.51,1892.04,2072.43,22525.31516582,2026-01-31 00:00:00+00:00,2598.528363782924,2770.09256645057,147.0371428571428
1769904000000,2072.5,2092.5,1875.0,1914.17,13271.79649688,2026-02-01 00:00:00+00:00,2571.6907808894757,2761.5759239983254,156.4742857142857
1769990400000,1914.69,2029.98,1819.1,1988.0,52629.77802511,2026-02-02 00:00:00+00:00,2548.8009463447906,2753.8786511227204,163.78714285714287
1770076800000,1988.09,1996.87,1784.0,1887.99,30784.63417325,2026-02-03 00:00:00+00:00,2522.8867915861715,2745.2628436488626,158.48785714285714
1770163200000,1888.34,1938.89,1757.62,1816.34,24889.62303999,2026-02-04 00:00:00+00:00,2495.1790742690664,2736.0198302792223,158.84285714285716
1770249600000,1816.82,1836.56,1541.64,1548.95,41321.95759287,2026-02-05 00:00:00+00:00,2458.0720517487107,2724.208190176942,171.3414285714286
1770336000000,1548.87,1771.77,1484.0,1748.01,30861.85595559,2026-02-06 00:00:00+00:00,2430.2264810918987,2714.494775349311,184.9007142857143
1770422400000,1748.16,1801.27,1690.14,1770.0,11310.22290729,2026-02-07 00:00:00+00:00,2404.3352465392754,2705.0968173856363,191.4257142857143
1770508800000,1769.59,1822.37,1750.73,1767.32,7906.71209988,2026-02-08 00:00:00+00:00,2379.354256478912,2695.765704774834,185.27357142857142
1770595200000,1767.42,1800.0,1686.34,1767.51,13000.55154584,2026-02-09 00:00:00+00:00,2355.3603640679744,2686.5293296029454,185.45357142857145
1770681600000,1767.8,1783.01,1669.17,1700.0,9988.88318332,2026-02-10 00:00:00+00:00,2329.6599576339363,2676.7131173680905,187.14000000000001
1770768000000,1701.0,1706.29,1604.62,1635.12,12723.10926269,2026-02-11 00:00:00+00:00,2302.4230965502525,2666.3490067475127,190.44
1770854400000,1634.21,1684.04,1598.79,1639.93,8951.14973883,2026-02-12 00:00:00+00:00,2276.4429751169096,2656.1358823022642,181.31928571428574
1770940800000,1640.42,1744.74,1622.41,1725.86,6835.77226686,2026-02-13 00:00:00+00:00,2254.8514858966387,2646.8794058614462,180.0142857142857
1771027200000,1725.86,1777.36,1721.02,1759.95,3309.79114909,2026-02-14 00:00:00+00:00,2235.4435844889276,2638.0542376439194,155.79071428571427
1771113600000,1760.13,1774.11,1625.31,1656.68,8227.85933677,2026-02-15 00:00:00+00:00,2212.7469733324992,2628.289319856418,150.88357142857143
1771200000000,1657.26,1707.38,1634.08,1686.51,5775.95841633,2026-02-16 00:00:00+00:00,2192.1102292802443,2618.918381350384,141.05642857142854
1771286400000,1686.11,1700.45,1643.98,1680.42,6841.32328667,2026-02-17 00:00:00+00:00,2172.0439457790585,2609.580088998639,129.885
1771372800000,1680.55,1722.22,1632.0,1659.31,7066.61679362,2026-02-18 00:00:00+00:00,2151.9367322190956,2600.124665227508,123.38142857142854
1771459200000,1659.18,1684.22,1621.86,1655.58,6234.46751836,2026-02-19 00:00:00+00:00,2132.471762328151,2590.726210847135,106.77
1771545600000,1655.92,1680.0,1636.47,1670.76,6928.94546,2026-02-20 00:00:00+00:00,2114.365418707439,2581.57231820189,89.32428571428571
1771632000000,1670.59,1696.1,1660.01,1675.39,4353.73119284,2026-02-21 00:00:00+00:00,2097.1506964051864,2572.5555787172943,83.96428571428571
1771718400000,1674.65,1683.17,1642.56,1654.51,2487.38006146,2026-02-22 00:00:00+00:00,2079.79223772263,2563.420796839511,81.74785714285716
1771804800000,1654.71,1655.08,1557.64,1574.44,10164.06586507,2026-02-23 00:00:00+00:00,2059.9745029099777,2553.5801918958346,80.58928571428571
1771891200000,1574.03,1585.12,1528.05,1572.87,8980.9145771,2026-02-24 00:00:00+00:00,2040.872365540959,2543.821881528712,76.53428571428572
1771977600000,1573.15,1819.0,1568.65,1740.76,16331.79843165,2026-02-25 00:00:00+00:00,2029.1032531668038,2535.831216040864,87.1542857142857
1772064000000,1742.12,1766.08,1678.35,1718.17,11475.23686216,2026-02-26 00:00:00+00:00,2016.9097922583019,2527.695283542945,87.33142857142856
1772150400000,1718.87,1748.44,1596.11,1634.5,9014.76959236,2026-02-27 00:00:00+00:00,2001.9133298168,2518.807768283811,89.47428571428573
1772236800000,1634.7,1682.2,1556.0,1665.66,16092.53386424,2026-02-28 00:00:00+00:00,1988.726924725945,2510.3187357635743,94.46428571428574
1772323200000,1665.66,1740.0,1618.28,1649.57,12043.02989016,2026-03-01 00:00:00+00:00,1975.426653168065,2501.754071726126,92.53000000000002
1772409600000,1650.09,1787.49,1640.42,1733.87,14260.09291041,2026-03-02 00:00:00+00:00,1965.9538432399056,2494.1134341965126,97.79928571428572
1772496000000,1734.23,1744.69,1666.48,1706.94,11084.65545406,2026-03-03 00:00:00+00:00,1955.7964376226546,2486.2808627119703,99.35214285714287
1772582400000,1708.4,1896.84,1677.63,1831.11,18226.85742564,2026-03-04 00:00:00+00:00,1950.9067734021583,2479.7617496501593,108.56571428571428
1772668800000,1829.66,1864.09,1775.06,1787.0,9962.23070304,2026-03-05 00:00:00+00:00,1944.479056798152,2472.868597912347,110.47071428571427
1772755200000,1787.05,1802.02,1688.0,1704.83,8441.83434079,2026-03-06 00:00:00+00:00,1935.0810545707734,2465.226422808742,115.50571428571426
1772841600000,1704.83,1719.73,1680.29,1699.0,4947.3929322,2026-03-07 00:00:00+00:00,1925.8229739993708,2457.602279298207,115.74499999999999
1772928000000,1698.94,1708.32,1659.16,1682.39,7819.84669578,2026-03-08 00:00:00+00:00,1916.2765828621407,2449.888724280315,116.35571428571426
1773014400000,1681.83,1768.19,1676.02,1717.37,12169.98246071,2026-03-09 00:00:00+00:00,1908.4763247106841,2442.5999807551375,115.9792857142857
1773100800000,1716.53,1794.1,1714.82,1755.39,8936.63609724,2026-03-10 00:00:00+00:00,1902.4729394279123,2435.7620704988676,117.56571428571428
1773187200000,1755.06,1802.0,1728.77,1778.26,6617.18665442,2026-03-11 00:00:00+00:00,1897.6018437640726,2429.2197613396747,104.91428571428571
1773273600000,1778.21,1817.7,1750.0,1799.56,9735.39086644,2026-03-12 00:00:00+00:00,1893.757065577246,2422.9544900825636,103.48357142857142
1773360000000,1799.48,1925.11,1797.96,1832.99,11892.06913027,2026-03-13 00:00:00+00:00,1891.3740433977464,2417.0841966489065,101.68499999999997
1773446400000,1832.12,1844.51,1807.18,1837.95,4331.18267972,2026-03-14 00:00:00+00:00,1889.2789828723446,2411.3216673290167,95.33714285714282
1773532800000,1838.48,1926.62,1827.45,1905.86,7080.85470889,2026-03-15 00:00:00+00:00,1889.929218838135,2406.29219800236,93.72642857142853
1773619200000,1905.86,2073.6,1892.69,2046.74,18997.10673268,2026-03-16 00:00:00+00:00,1896.0786612366396,2402.714564191391,96.14357142857138
1773705600000,2046.74,2067.36,1997.96,2009.47,15496.17851662,2026-03-17 00:00:00+00:00,1900.5253804038302,2398.8016829556564,95.51428571428566
1773792000000,2009.68,2037.5,1878.57,1922.3,12901.36065921,2026-03-18 00:00:00+00:00,1901.3792870546604,2394.0603726774907,91.2085714285714
1773878400000,1922.68,1945.86,1825.04,1846.48,13146.77518244,2026-03-19 00:00:00+00:00,1899.2263738368306,2388.6118117553265,93.47928571428568
1773964800000,1847.24,1881.43,1831.04,1855.44,10575.67766045,2026-03-20 00:00:00+00:00,1897.509261137347,2383.306619598557,88.93428571428569
1774051200000,1855.04,1874.95,1789.97,1803.54,5724.77567843,2026-03-21 00:00:00+00:00,1893.8241920731375,2377.5377975129995,92.18714285714283
1774137600000,1803.26,1839.47,1752.57,1776.99,7363.35658319,2026-03-22 00:00:00+00:00,1889.2424590506616,2371.5621975377458,94.88285714285713
1774224000000,1776.89,1900.0,1754.58,1854.57,13139.07503953,2026-03-23 00:00:00+00:00,1887.8827547741653,2366.417996567221,98.68642857142856
1774310400000,1854.01,1876.17,1818.3,1856.29,7554.19591112,2026-03-24 00:00:00+00:00,1886.6438232143942,2361.3420961038655,97.15714285714286
1774396800000,1856.36,1896.58,1848.68,1875.65,8481.23228658,2026-03-25 00:00:00+00:00,1886.212692892261,2356.509338928703,95.34785714285714
1774483200000,1875.8,1878.7,1764.29,1786.12,9028.74029854,2026-03-26 00:00:00+00:00,1882.2874892494272,2350.833823118467,98.6842857142857
1774569600000,1786.21,1799.91,1707.25,1731.32,12318.2438688,2026-03-27 00:00:00+00:00,1876.3671955533714,2344.6695064705223,96.2207142857143
1774656000000,1731.22,1775.71,1722.56,1733.9,5032.79724399,2026-03-28 00:00:00+00:00,1870.7802467081412,2338.592197948428,97.3507142857143
1774742400000,1733.84,1755.7,1688.17,1726.69,6374.34797938,2026-03-29 00:00:00+00:00,1865.1296487980183,2332.503618864364,95.09071428571431
1774828800000,1726.94,1814.9,1723.18,1767.08,11272.69191914,2026-03-30 00:00:00+00:00,1861.2845645314294,2326.8775132040223,88.72000000000004
1774915200000,1767.73,1835.45,1753.89,1817.66,11343.2130626,2026-03-31 00:00:00+00:00,1859.5737972949028,2321.810672276619,89.58857142857146
1775001600000,1817.85,1868.46,1799.92,1846.57,9510.55305137,2026-04-01 00:00:00+00:00,1859.0638444598087,2317.0819093683936,83.13214285714288
1775088000000,1847.25,1862.22,1750.0,1782.9,9823.75734465,2026-04-02 00:00:00+00:00,1856.0770270300125,2311.7666664891062,82.51785714285718
1775174400000,1782.79,1806.53,1770.47,1783.35,3326.82202217,2026-04-03 00:00:00+00:00,1853.2249867543258,2306.5087892106076,81.49428571428574
1775260800000,1783.2,1808.93,1775.79,1793.95,2406.70089189,2026-04-04 00:00:00+00:00,1850.9004774698424,2301.408701755776,77.7914285714286
1775347200000,1793.68,1843.83,1755.14,1831.7,4127.61029807,2026-04-05 00:00:00+00:00,1850.1475175690641,2296.734983330345,77.91928571428572
1775433600000,1833.1,1881.0,1809.86,1825.76,10642.19776678,2026-04-06 00:00:00+00:00,1849.1911443310617,2292.048665088252,72.61357142857143
1775520000000,1825.73,1946.3,1782.49,1917.27,15340.54372687,2026-04-07 00:00:00+00:00,1851.8609033769026,2288.319524142101,80.18071428571429
1775606400000,1916.62,1937.67,1871.02,1879.42,12581.72401082,2026-04-08 00:00:00+00:00,1852.941652264083,2284.2508721605873,81.52000000000001
1775692800000,1879.17,1920.0,1847.67,1873.76,8604.40782474,2026-04-09 00:00:00+00:00,1853.7580580576484,2280.1663858704324,78.51428571428572
1775779200000,1873.78,1925.0,1863.76,1916.06,8273.22183691,2026-04-10 00:00:00+00:00,1856.2012714671525,2276.543436757294,76.27
1775865600000,1915.88,1988.66,1903.04,1950.05,5344.9802453,2026-04-11 00:00:00+00:00,1859.8816137625583,2273.2947458442864,78.58928571428571
1775952000000,1950.62,1954.0,1858.64,1878.41,6825.52292469,2026-04-12 00:00:00+00:00,1860.6082171444189,2269.3655443930998,80.57714285714285
1776038400000,1878.07,2035.36,1862.04,2013.52,11310.30994599,2026-04-13 00:00:00+00:00,1866.6047576485594,2266.819817583218,86.40571428571427
1776124800000,2014.32,2046.99,1954.6,1969.86,12372.36957484,2026-04-14 00:00:00+00:00,1870.653982838812,2263.864993527664,87.17928571428571
1776211200000,1969.6,2021.0,1960.37,1999.67,6196.93841452,2026-04-15 00:00:00+00:00,1875.713434492192,2261.236187621916,86.61428571428573
1776297600000,1999.64,2006.5,1941.44,1994.21,9243.09706807,2026-04-16 00:00:00+00:00,1880.3603586297531,2258.5792106306535,83.24571428571429
1776384000000,1993.48,2089.19,1967.88,2058.5,10830.7008709,2026-04-17 00:00:00+00:00,1887.3462269187826,2256.5883727139303,89.33500000000001
1776470400000,2057.32,2064.2,1990.31,1999.47,5727.06071426,2026-04-18 00:00:00+00:00,1891.74323762785,2254.0299809456324,92.24571428571427
1776556800000,1999.57,2003.27,1921.89,1928.48,6301.46593137,2026-04-19 00:00:00+00:00,1893.1838949757775,2250.790677652641,91.72357142857142
1776643200000,1929.8,1991.03,1927.34,1964.98,9270.48581399,2026-04-20 00:00:00+00:00,1895.999428506139,2247.946790312814,91.19142857142856
1776729600000,1964.25,1988.13,1949.7,1983.56,7251.5817229,2026-04-21 00:00:00+00:00,1899.4331764078593,2245.316075981343,82.23571428571428
1776816000000,1982.28,2065.85,1970.48,2028.59,10123.66528411,2026-04-22 00:00:00+00:00,1904.498149882061,2243.1595976133694,84.28714285714284
1776902400000,2028.62,2034.32,1959.15,1995.04,8958.00876603,2026-04-23 00:00:00+00:00,1908.0488106709997,2240.6907458958235,84.48999999999998
1776988800000,1995.91,2001.13,1967.65,1976.09,5035.09206523,2026-04-24 00:00:00+00:00,1910.7170926054705,2238.057902653079,82.50714285714284
1777075200000,1976.2,1982.87,1965.01,1980.89,2672.51370371,2026-04-25 00:00:00+00:00,1913.4689713268247,2235.4990180495656,77.66714285714282
1777161600000,1981.04,2033.0,1970.19,2024.61,5335.58243439,2026-04-26 00:00:00+00:00,1917.8274430394983,2233.400619860018,75.34214285714282
1777248000000,2025.1,2051.0,1932.18,1965.12,8297.48175335,2026-04-27 00:00:00+00:00,1919.6820531163808,2230.7311609559383,71.44928571428568
1777334400000,1965.41,1971.0,1931.0,1953.77,4756.59893377,2026-04-28 00:00:00+00:00,1921.0188353471108,2227.975328508616,67.70714285714281
1777420800000,1953.79,2004.98,1902.2,1928.8,9038.33953049,2026-04-29 00:00:00+00:00,1921.323979058989,2224.9984595682317,70.71785714285708
1777507200000,1928.4,1950.4,1913.73,1924.41,4660.71484009,2026-04-30 00:00:00+00:00,1921.4449994880483,2222.0075296222794,68.68999999999996
1777593600000,1924.72,1975.69,1924.72,1958.59,4003.5330873,2026-05-01 00:00:00+00:00,1922.9016661747914,2219.386459675789,63.687857142857105
1777680000000,1958.66,1997.0,1956.41,1976.0,1878.82832876,2026-05-02 00:00:00+00:00,1924.98395377578,2216.9647038581197,61.30928571428568
1777766400000,1976.01,2008.36,1960.37,1979.92,3911.10312538,2026-05-03 00:00:00+00:00,1927.1383085296711,2214.6060500883873,58.92428571428569
1777852800000,1980.03,2043.0,1969.14,2007.13,10759.808265,2026-05-04 00:00:00+00:00,1930.275237606939,2212.54161177905,59.650714285714244
1777939200000,2007.58,2050.47,2005.6,2015.61,7706.96393335,2026-05-05 00:00:00+00:00,1933.6216988772553,2210.5820932538854,60.11071428571423
1778025600000,2015.61,2059.27,1990.0,2001.34,10394.37133605,2026-05-06 00:00:00+00:00,1936.2773185291278,2208.5000823757373,58.246428571428524
1778112000000,2001.03,2001.61,1940.97,1952.94,6898.18114603,2026-05-07 00:00:00+00:00,1936.9307570181816,2205.9571959839386,57.20857142857138
1778198400000,1953.54,1970.92,1926.61,1957.92,5985.87369976,2026-05-08 00:00:00+00:00,1937.7538645860961,2203.489164183103,57.982142857142826
1778284800000,1958.09,1984.22,1952.54,1975.43,2219.31313135,2026-05-09 00:00:00+00:00,1939.2313600925238,2201.219918768346,58.9692857142857
1778371200000,1975.43,2024.31,1962.95,2015.08,5177.14841797,2026-05-10 00:00:00+00:00,1942.2058165594838,2199.3677802731386,58.86571428571426
1778457600000,2014.93,2017.24,1955.0,1986.08,5376.01626186,2026-05-11 00:00:00+00:00,1943.9263727728376,2197.245513802759,54.82428571428569
1778544000000,1986.16,1986.8,1923.39,1938.57,5723.60822384,2026-05-12 00:00:00+00:00,1943.7163189386088,2194.6716280932787,56.496428571428545
1778630400000,1938.53,1985.0,1907.33,1927.62,5021.0155065,2026-05-13 00:00:00+00:00,1943.0850907449378,2192.0143979629975,54.70285714285712
1778716800000,1927.62,1985.0,1911.18,1957.09,5645.0387308,2026-05-14 00:00:00+00:00,1943.6343028725873,2189.6768417643607,57.35642857142854
1778803200000,1957.29,1972.53,1895.54,1913.62,4920.03935576,2026-05-15 00:00:00+00:00,1942.457271387388,2186.930007517949,59.192857142857115
1778889600000,1913.72,1919.14,1861.27,1877.21,4348.24208452,2026-05-16 00:00:00+00:00,1939.8985548623923,2183.8482163983676,60.42714285714284
1778976000000,1877.21,1891.63,1802.55,1834.85,4066.61723767,2026-05-17 00:00:00+00:00,1935.7790036913182,2180.3755973297275,63.36214285714285
1779062400000,1834.45,1850.0,1784.0,1826.4,6737.19047958,2026-05-18 00:00:00+00:00,1931.489630997541,2176.8534520826656,62.800714285714285
1779148800000,1826.4,1841.73,1805.83,1817.67,3216.24902609,2026-05-19 00:00:00+00:00,1927.026116056461,2173.279487385326,62.16000000000002
1779235200000,1818.23,1847.75,1811.38,1830.48,4608.15429599,2026-05-20 00:00:00+00:00,1923.2399938581684,2169.8685472123375,59.81000000000001
1779321600000,1830.5,1852.17,1816.76,1834.96,4234.77731627,2026-05-21 00:00:00+00:00,1919.778033314711,2166.536123856991,58.00785714285717
1779408000000,1835.42,1842.32,1771.46,1780.37,5413.13210282,2026-05-22 00:00:00+00:00,1914.3110516160948,2162.693674863389,59.90428571428572
1779494400000,1779.76,1850.51,1731.07,1822.71,7491.9195732,2026-05-23 00:00:00+00:00,1910.7188535135028,2159.3107527254447,66.17285714285715
1779580800000,1822.72,1832.91,1771.21,1802.16,3916.60357682,2026-05-24 00:00:00+00:00,1906.461643571797,2155.7570138923556,66.19714285714288
1779667200000,1802.05,1838.5,1797.02,1814.7,11974.10141177,2026-05-25 00:00:00+00:00,1902.8631477454521,2152.3634117640736,64.71428571428574
1779753600000,1814.69,1839.82,1766.9,1779.82,7962.31641069,2026-05-26 00:00:00+00:00,1898.0379262652384,2148.6565121445306,65.39357142857145
1779840000000,1780.0,1798.38,1731.56,1740.69,5376.46966247,2026-05-27 00:00:00+00:00,1891.8674193528761,2144.5971438644856,64.61857142857146
1779926400000,1740.69,1743.68,1690.0,1723.55,7569.09656908,2026-05-28 00:00:00+00:00,1885.2667362409986,2140.4076200449385,63.18000000000003
1780012800000,1723.01,1749.06,1695.83,1725.94,6686.46257308,2026-05-29 00:00:00+00:00,1879.01862893743,2136.2835641240936,61.48285714285718
1780099200000,1725.87,1740.0,1715.73,1732.34,3043.43391935,2026-05-30 00:00:00+00:00,1873.2665258418447,2132.2642251775856,59.082857142857165
1780185600000,1732.96,1745.0,1709.01,1720.83,2876.04935601,2026-05-31 00:00:00+00:00,1867.2886228676548,2128.1703522902467,55.290714285714294
1780272000000,1720.78,1733.14,1683.37,1722.48,7863.52650469,2026-06-01 00:00:00+00:00,1861.609853343433,2124.1336323669607,54.1314285714286
1780358400000,1722.46,1722.48,1578.55,1598.89,15779.72088093,2026-06-02 00:00:00+00:00,1851.3071139966319,2118.9073275672895,61.847857142857166
1780444800000,1598.89,1626.85,1525.24,1560.37,12890.07917172,2026-06-03 00:00:00+00:00,1839.8978154085287,2113.3497422183614,66.50785714285716
1780531200000,1560.56,1566.49,1477.51,1523.74,15268.4991218,2026-06-04 00:00:00+00:00,1827.4994697062334,2107.4829786141986,70.33428571428574
1780617600000,1523.09,1525.99,1337.67,1375.21,30696.58513377,2026-06-05 00:00:00+00:00,1809.7626277569696,2100.19668031953,78.72428571428574
1780704000000,1375.06,1390.05,1309.0,1364.0,12726.98898211,2026-06-06 00:00:00+00:00,1792.2817403939512,2092.8713402168487,75.98214285714288
1780790400000,1364.32,1497.93,1359.7,1467.26,13409.87350208,2026-06-07 00:00:00+00:00,1779.5357897902668,2086.6463517569796,81.44857142857144
1780876800000,1467.52,1486.87,1426.79,1466.34,10301.36585629,2026-06-08 00:00:00+00:00,1767.2536019553545,2080.474149251935,82.77714285714286
1780963200000,1466.16,1471.43,1399.06,1420.83,8862.15398841,2026-06-09 00:00:00+00:00,1753.6683626629876,2073.9105258762943,82.73785714285717
1781049600000,1421.23,1440.57,1389.94,1405.27,8194.18350435,2026-06-10 00:00:00+00:00,1740.005681774243,2067.257386315336,81.58142857142857
1781136000000,1404.9,1464.83,1404.9,1444.11,7885.79940756,2026-06-11 00:00:00+00:00,1728.401929547802,2061.056914809711,82.02785714285713
1781222400000,1444.79,1460.0,1427.05,1439.99,5858.1061764,2026-06-12 00:00:00+00:00,1717.0916578008294,2054.877144513097,80.5792857142857
1781308800000,1440.0,1467.34,1436.98,1453.34,2489.69468557,2026-06-13 00:00:00+00:00,1706.7484555341302,2048.891700289086,81.0142857142857
1781395200000,1454.03,1493.66,1431.77,1487.12,3946.79378558,2026-06-14 00:00:00+00:00,1698.1355749249487,2043.301932127006,82.86428571428571
1781481600000,1487.01,1593.95,1474.41,1549.06,10663.37132425,2026-06-15 00:00:00+00:00,1692.2894739474998,2038.384101956588,87.84785714285712
1781568000000,1548.89,1585.55,1518.59,1543.09,5844.03138863,2026-06-16 00:00:00+00:00,1686.4385141848527,2033.455802434632,82.34999999999998
1781654400000,1543.28,1556.23,1499.01,1519.82,9110.45753493,2026-06-17 00:00:00+00:00,1679.9044548050545,2028.3449984303072,79.1792857142857
1781740800000,1520.38,1529.08,1455.91,1491.8,8326.55101423,2026-06-18 00:00:00+00:00,1672.5278095185818,2023.0062422270207,78.04999999999997
1781827200000,1491.79,1497.83,1463.65,1491.3,4710.37039065,2026-06-19 00:00:00+00:00,1665.4208365962845,2017.7156328516276,67.03999999999996
1781913600000,1490.77,1523.23,1485.26,1517.02,2813.21766811,2026-06-20 00:00:00+00:00,1659.60119594545,2012.7335867536015,63.96285714285711
1782000000000,1516.93,1517.0,1484.23,1488.06,2640.7107503,2026-06-21 00:00:00+00:00,1652.8740902220989,2007.5129540495857,56.43142857142853
1782086400000,1487.87,1555.06,1487.68,1511.32,7340.17122079,2026-06-22 00:00:00+00:00,1647.3229494290754,2002.5757107257093,56.952857142857106
1782172800000,1510.95,1517.66,1432.55,1463.17,8694.76216896,2026-06-23 00:00:00+00:00,1640.1012651377393,1997.2084897234636,57.8628571428571
1782259200000,1463.4,1488.89,1367.0,1426.26,12836.96897195,2026-06-24 00:00:00+00:00,1631.7153331715535,1991.5274102237277,62.95285714285712
1782345600000,1426.87,1459.65,1348.16,1377.43,12235.81961624,2026-06-25 00:00:00+00:00,1621.7433593216888,1985.4169882314518,66.63571428571427
1782432000000,1378.56,1395.36,1330.0,1384.82,10723.05310858,2026-06-26 00:00:00+00:00,1612.4522471914265,1979.440898796313,68.95071428571427
1782518400000,1384.89,1412.4,1371.27,1380.75,2903.22271011,2026-06-27 00:00:00+00:00,1603.3658845564687,1973.4837754252055,69.72
1782604800000,1380.73,1392.67,1358.84,1379.16,2583.66635655,2026-06-28 00:00:00+00:00,1594.5734969268033,1967.5701060179897,67.71571428571428
1782691200000,1378.67,1431.56,1360.34,1410.21,12111.1693787,2026-06-29 00:00:00+00:00,1587.3435558708502,1962.0242343163181,64.26428571428572
1782777600000,1410.73,1411.6,1358.52,1375.62,10502.02310713,2026-06-30 00:00:00+00:00,1579.0406713268953,1956.189366313171,63.27285714285714
1782864000000,1375.71,1444.91,1360.58,1413.37,10190.36351059,2026-07-01 00:00:00+00:00,1572.5437822552524,1950.7881785886618,65.20928571428571
1782950400000,1413.45,1503.55,1402.47,1487.21,11472.22302984,2026-07-02 00:00:00+00:00,1569.1973594217131,1946.1754603937497,67.20285714285716
1783036800000,1486.93,1550.53,1481.5,1536.9,7202.59293305,2026-07-03 00:00:00+00:00,1567.9307963071362,1942.103067753016,69.69214285714288
1783123200000,1536.21,1579.27,1524.54,1556.7,4173.02261351,2026-07-04 00:00:00+00:00,1567.4903729225427,1938.2682113574638,70.88928571428573
1783209600000,1556.93,1580.0,1529.98,1559.93,3258.25597662,2026-07-05 00:00:00+00:00,1567.1938877098942,1934.5036520404742,72.12000000000002
1783296000000,1560.46,1601.85,1513.21,1571.35,8948.91052278,2026-07-06 00:00:00+00:00,1567.3568725055845,1930.8901828659423,73.63857142857145
1783382400000,1572.41,1585.44,1536.66,1552.31,5689.88879818,2026-07-07 00:00:00+00:00,1566.7667990739928,1927.1232158722514,71.04357142857144
1783468800000,1552.74,1562.66,1502.47,1526.18,6638.17236324,2026-07-08 00:00:00+00:00,1565.1751598946205,1923.1337311372042,66.63642857142858
1783555200000,1525.85,1539.72,1506.74,1526.17,4852.38605964,2026-07-09 00:00:00+00:00,1563.645545781106,1919.1838432651923,61.02857142857143
1783641600000,1526.2,1584.85,1518.84,1573.69,5986.38680996,2026-07-10 00:00:00+00:00,1564.0394459465529,1915.7460935809615,61.07500000000001
1783728000000,1573.61,1602.32,1565.18,1566.28,3768.83493857,2026-07-11 00:00:00+00:00,1564.127310811394,1912.268819017967,60.79
1783814400000,1566.29,1599.91,1560.0,1583.63,3452.87658022,2026-07-12 00:00:00+00:00,1564.8921221521236,1908.9987810177881,61.224285714285706
1783900800000,1583.72,1618.06,1535.99,1559.12,6967.09505882,2026-07-13 00:00:00+00:00,1564.665764420668,1905.5174001121386,61.9992857142857
1783987200000,1559.07,1658.99,1556.59,1654.8,8813.22679242,2026-07-14 00:00:00+00:00,1568.20044032574,1903.0226996135104,65.52214285714285
1784073600000,1655.48,1701.48,1628.94,1671.59,7031.64863325,2026-07-15 00:00:00+00:00,1572.2549328619855,1900.719886682033,64.67999999999998
1784160000000,1671.45,1681.34,1622.53,1628.05,5510.75286975,2026-07-16 00:00:00+00:00,1574.442974710535,1898.0067534812167,61.66071428571427
1784246400000,1628.16,1633.85,1577.17,1609.65,6299.4163553,2026-07-17 00:00:00+00:00,1575.8236423689455,1895.1375320535428,60.778571428571404
1784332800000,1609.81,1632.34,1606.27,1628.35,2179.32036415,2026-07-18 00:00:00+00:00,1577.8834995309476,1892.4829297445526,58.73142857142854
1784419200000,1628.35,1642.65,1619.68,1637.76,2517.47378297,2026-07-19 00:00:00+00:00,1580.2315975885576,1889.9483732296817,56.79928571428569
1784505600000,1637.64,1678.88,1611.45,1667.27,5948.07385898,2026-07-20 00:00:00+00:00,1583.6448682713594,1887.7326680234164,55.2842857142857
1784592000000,1667.21,1708.23,1663.88,1691.13,5336.76246072,2026-07-21 00:00:00+00:00,1587.859971476404,1885.7764225704473,54.96785714285712
1784678400000,1691.79,1714.12,1674.27,1694.43,6741.78274808,2026-07-22 00:00:00+00:00,1592.0391882812512,1883.8724780672587,53.51499999999997
1784764800000,1694.59,1700.0,1642.2,1650.19,6076.04349184,2026-07-23 00:00:00+00:00,1594.3196122702218,1881.54727928052,55.287857142857106
1784851200000,1650.61,1675.0,1623.61,1636.52,5258.48608901,2026-07-24 00:00:00+00:00,1595.9745294360955,1879.1091968996193,54.2435714285714
1784937600000,1636.23,1650.04,1627.88,1648.14,1618.31042487,2026-07-25 00:00:00+00:00,1598.020234164092,1876.810995935444,53.1735714285714
1785024000000,1648.14,1724.85,1647.47,1714.39,3030.13790463,2026-07-26 00:00:00+00:00,1602.5837543929513,1875.1948666226535,55.84999999999996
1785110400000,1714.37,1737.13,1655.25,1663.31,13059.30324706,2026-07-27 00:00:00+00:00,1604.9651757893062,1873.08655949208,55.83642857142854
1785196800000,1663.38,1691.63,1631.83,1686.74,9062.55427459,2026-07-28 00:00:00+00:00,1608.172031640706,1871.2323648702684,52.793571428571404
1785283200000,1686.46,1691.86,1633.95,1664.52,8003.34735926,2026-07-29 00:00:00+00:00,1610.3817558900903,1869.175525418823,51.748571428571395
1785369600000,1664.45,1682.0,1651.64,1663.94,5164.987874,2026-07-30 00:00:00+00:00,1612.4820791885181,1867.1333808872926,49.71642857142854
1785456000000,1663.7,1679.26,1607.68,1614.35,11808.9447785,2026-07-31 00:00:00+00:00,1612.5553309850468,1864.618123366026,50.78071428571426
1785542400000,1614.45,1626.18,1581.05,1600.51,2337.93787042,2026-08-01 00:00:00+00:00,1612.0829650640646,1861.990181839996,52.142142857142844
1785628800000,1600.34,1642.51,1599.38,1631.6,3087.66806373,2026-08-02 00:00:00+00:00,1612.848338983121,1859.6977422196976,53.582142857142834
1785715200000,1631.95,1632.22,1585.51,1615.31,6308.40904107,2026-08-03 00:00:00+00:00,1612.944874709273,1857.266023391641,52.10214285714283
1785801600000,1615.56,1631.67,1604.28,1620.79,4291.84590025,2026-08-04 00:00:00+00:00,1613.2525266814584,1854.9130281340128,50.890714285714274
1785888000000,1620.44,1665.99,1605.79,1649.78,5254.9452572,2026-08-05 00:00:00+00:00,1614.684976615519,1852.871903475963,52.34428571428571
1785974400000,1650.41,1664.0,1638.48,1650.97,4216.15916323,2026-08-06 00:00:00+00:00,1616.1079187090281,1850.8629293120232,50.03857142857142
1786060800000,1651.14,1680.36,1642.79,1655.62,4100.06269952,2026-08-07 00:00:00+00:00,1617.657412092988,1848.9202135974758,49.05142857142856
1786147200000,1655.55,1666.06,1654.08,1657.98,1614.74569483,2026-08-08 00:00:00+00:00,1619.2386900501256,1847.0203109746155,48.324285714285715
1786233600000,1657.96,1675.39,1650.0,1652.2,1573.38802906,2026-08-09 00:00:00+00:00,1620.5312904403168,1845.0818004176542,44.6107142857143
1786320000000,1652.53,1669.88,1617.0,1621.14,4691.0137485,2026-08-10 00:00:00+00:00,1620.5551614034416,1842.8535237965832,42.539285714285725
1786406400000,1621.22,1643.41,1606.0,1629.83,3662.21107446,2026-08-11 00:00:00+00:00,1620.918880564091,1840.733886743881,40.940000000000005
1786492800000,1629.58,1666.04,1625.05,1629.71,4181.15173102,2026-08-12 00:00:00+00:00,1621.2636303458914,1838.6341465772753,39.73142857142859
1786579200000,1629.31,1647.19,1615.67,1634.31,3799.88290529,2026-08-13 00:00:00+00:00,1621.7752526852682,1836.6010704919292,39.81428571428574
1786665600000,1634.35,1638.5,1608.67,1625.92,3916.75574573,2026-08-14 00:00:00+00:00,1621.93779179565,1834.504741432308,36.83214285714288
1786752000000,1625.85,1629.83,1620.76,1626.92,1447.3257023,2026-08-15 00:00:00+00:00,1622.133172509546,1832.4392216170613,34.25642857142858
1786838400000,1626.91,1634.85,1615.01,1619.66,1250.82289813,2026-08-16 00:00:00+00:00,1622.036185352309,1830.3220154318171,32.592857142857156
1786924800000,1619.75,1654.93,1616.2,1650.62,3663.82673424,2026-08-17 00:00:00+00:00,1623.1571192600618,1828.5339356762768,32.022857142857156
1787011200000,1650.64,1658.0,1628.58,1655.49,4519.83197191,2026-08-18 00:00:00+00:00,1624.4250753675105,1826.8121054705427,32.16785714285715
1787097600000,1655.71,2000.0,1643.87,1924.04,18847.37825361,2026-08-19 00:00:00+00:00,1636.1746802550592,1827.7795472071543,53.3057142857143
