ts,open,high,low,close,volume,date,ema50,ema200,atr14
1718928000000,3280.01,3312.86,3225.16,3290.2,2296.75437727,2024-06-21 00:00:00+00:00,3290.2,3290.2,
1719014400000,3290.2,3291.79,3251.21,3262.62,1196.8607901,2024-06-22 00:00:00+00:00,3289.118431372549,3289.9255721393033,
1719100800000,3262.62,3286.2,3184.34,3198.63,1090.14529604,2024-06-23 00:00:00+00:00,3285.5698654363705,3289.017158486176,
1719187200000,3198.53,3208.49,3011.18,3124.21,5313.41903905,2024-06-24 00:00:00+00:00,3279.2420275761206,3287.377286262433,
1719273600000,3124.21,3198.94,3108.19,3169.84,3924.24050069,2024-06-25 00:00:00+00:00,3274.9517519849005,3286.2077610259907,
1719360000000,3169.73,3195.0,3113.2,3152.32,2076.75024914,2024-06-26 00:00:00+00:00,3270.142663671767,3284.875544498369,
1719446400000,3153.21,3240.92,3145.51,3217.52,3501.48864753,2024-06-27 00:00:00+00:00,3268.0790298022857,3284.2053400754994,
1719532800000,3218.19,3257.58,3141.0,3150.18,2038.17009692,2024-06-28 00:00:00+00:00,3263.4555384374903,3282.8717546021117,
1719619200000,3150.18,3177.0,3147.51,3149.52,877.26623182,2024-06-29 00:00:00+00:00,3258.9874781066083,3281.5448714717427,
1719705600000,3149.52,3216.64,3128.8,3200.36,1317.50543993,2024-06-30 00:00:00+00:00,3256.688361318114,3280.7370618053574,
1719792000000,3200.01,3271.99,3188.65,3203.36,4346.08573553,2024-07-01 00:00:00+00:00,3254.5970530311292,3279.967140792369,
1719878400000,3203.09,3222.45,3167.23,3178.76,2139.70087882,2024-07-02 00:00:00+00:00,3251.623050951477,3278.960104565579,
1719964800000,3178.91,3186.43,3012.29,3052.51,2751.17727495,2024-07-03 00:00:00+00:00,3243.8146960122035,3276.70686969428,
1720051200000,3052.21,3065.18,2821.8,2828.17,5539.42079589,2024-07-04 00:00:00+00:00,3227.5149040117253,3272.2438162644867,106.09999999999988
1720137600000,2830.27,2873.09,2600.0,2751.21,10891.39636215,2024-07-05 00:00:00+00:00,3208.836280324991,3267.059400182253,119.34214285714272
1720224000000,2751.31,2837.53,2727.2,2828.7,3032.79704376,2024-07-06 00:00:00+00:00,3193.928975214207,3262.697615105813,124.32428571428561
1720310400000,2828.7,2829.71,2701.32,2706.15,3117.8019141,2024-07-07 00:00:00+00:00,3174.800387950905,3257.15982789083,126.21928571428563
1720396800000,2706.15,2853.75,2608.9,2785.66,4292.90176241,2024-07-08 00:00:00+00:00,3159.5399805802813,3252.468287314802,129.61499999999992
1720483200000,2785.19,2871.99,2773.8,2831.92,2490.64688522,2024-07-09 00:00:00+00:00,3146.692138204584,3248.2837272420184,130.14642857142846
1720569600000,2831.92,2909.46,2799.06,2862.79,3003.04686911,2024-07-10 00:00:00+00:00,3135.5587210200906,3244.4479687619983,132.1892857142856
1720656000000,2862.33,2948.0,2822.21,2850.55,2959.07975627,2024-07-11 00:00:00+00:00,3124.3819084310676,3240.5285859882474,134.3592857142856
1720742400000,2850.51,2893.85,2796.61,2873.85,2807.42494398,2024-07-12 00:00:00+00:00,3114.5571277082804,3236.880042844086,132.977857142857
1720828800000,2873.95,2934.06,2857.21,2910.5,1169.68063076,2024-07-13 00:00:00+00:00,3106.554887405995,3233.6324802287218,136.36071428571418
1720915200000,2911.45,3000.91,2905.2,2981.5,2611.19015792,2024-07-14 00:00:00+00:00,3101.6507741743876,3231.1236993309235,136.92285714285705
1721001600000,2982.99,3206.72,2973.87,3200.55,5488.08882301,2024-07-15 00:00:00+00:00,3105.529175187157,3230.819483417183,147.60214285714278
1721088000000,3201.01,3210.0,3074.0,3159.94,4286.896034,2024-07-16 00:00:00+00:00,3107.662933022955,3230.11421492547,153.3721428571428
1721174400000,3161.83,3225.74,3094.83,3097.91,4154.32086004,2024-07-17 00:00:00+00:00,3107.28046506127,3228.7987501003413,150.28428571428566
1721260800000,3097.67,3195.0,3090.0,3143.69,2323.35628804,2024-07-18 00:00:00+00:00,3108.7082899608286,3227.951896865512,140.39999999999995
1721347200000,3143.71,3253.72,3103.19,3220.73,3242.35481167,2024-07-19 00:00:00+00:00,3113.101298197659,3227.880037195209,131.6457142857142
1721433600000,3221.07,3250.0,3199.13,3230.22,1584.6991681,2024-07-20 00:00:00+00:00,3117.6941884644175,3227.903320407197,127.39857142857133
1721520000000,3230.5,3251.4,3132.89,3240.36,1668.6458238,2024-07-21 00:00:00+00:00,3122.504612446205,3228.027267467822,126.69285714285706
1721606400000,3240.38,3265.0,3144.29,3159.4,4343.70910752,2024-07-22 00:00:00+00:00,3123.9514903894915,3227.344409085058,117.82571428571421
1721692800000,3158.5,3255.0,3126.93,3206.64,3907.29704905,2024-07-23 00:00:00+00:00,3127.194177040884,3227.138395064311,119.95999999999997
1721779200000,3207.41,3211.02,3044.53,3077.93,3233.6171869,2024-07-24 00:00:00+00:00,3125.2622485294764,3225.6537344169055,123.96642857142852
1721865600000,3077.41,3082.36,2849.21,2925.93,5456.84040306,2024-07-25 00:00:00+00:00,3117.445297606752,3222.6714087013147,131.63499999999996
1721952000000,2925.93,3025.75,2924.83,3018.62,2937.34180469,2024-07-26 00:00:00+00:00,3113.5697957398206,3220.64104642568,131.89785714285713
1722038400000,3018.63,3060.17,2943.22,2991.52,1521.37290942,2024-07-27 00:00:00+00:00,3108.78352924022,3218.3612350184594,134.76214285714286
1722124800000,2990.98,3020.0,2948.59,3012.6,1073.62406382,2024-07-28 00:00:00+00:00,3105.0116261327603,3216.3138595456394,133.02642857142857
1722211200000,3012.25,3133.0,3011.61,3065.95,3305.66858808,2024-07-29 00:00:00+00:00,3103.4797976569657,3214.817701739215,125.06499999999998
1722297600000,3065.39,3110.0,2993.2,3031.33,2811.43158602,2024-07-30 00:00:00+00:00,3100.650393827281,3212.991953463203,123.69357142857143
1722384000000,3031.29,3088.65,2972.04,2986.32,3118.32245899,2024-07-31 00:00:00+00:00,3096.166848971309,3210.7365111401864,122.67214285714287
1722470400000,2986.81,2995.01,2856.3,2968.11,2734.87774488,2024-08-01 00:00:00+00:00,3091.145011756748,3208.322316999488,125.08000000000003
1722556800000,2968.15,2980.65,2720.85,2738.93,5552.96763605,2024-08-02 00:00:00+00:00,3077.3326583545227,3203.651746681085,132.88500000000005
1722643200000,2738.65,2769.55,2627.6,2664.4,4797.93528056,2024-08-03 00:00:00+00:00,3061.1392207719923,3198.2860576593825,139.39071428571438
1722729600000,2665.52,2692.22,2413.47,2464.96,8165.59611752,2024-08-04 00:00:00+00:00,3037.759643486816,3190.9892809662542,150.83642857142863
1722816000000,2465.67,2472.84,1940.09,2210.13,30985.08997643,2024-08-05 00:00:00+00:00,3005.3035790363524,3181.229487125794,180.2678571428572
1722902400000,2211.15,2338.98,2207.43,2255.13,11424.72806467,2024-08-06 00:00:00+00:00,2975.885007309437,3172.014566855886,180.51642857142866
1722988800000,2256.67,2338.13,2117.0,2140.9,6619.9209069,2024-08-07 00:00:00+00:00,2943.1404972188707,3161.7547204195093,184.41928571428585
1723075200000,2146.64,2494.98,2126.53,2459.97,5946.00885392,2024-08-08 00:00:00+00:00,2924.1926345828365,3154.7717878780218,194.0835714285715
1723161600000,2459.97,2478.26,2339.71,2383.07,4408.95605216,2024-08-09 00:00:00+00:00,2902.9721391089997,3147.093163123017,196.77142857142866
1723248000000,2383.07,2423.39,2364.9,2392.96,1456.83608799,2024-08-10 00:00:00+00:00,2882.97166306551,3139.5893505546287,192.59571428571437
1723334400000,2392.96,2491.68,2327.03,2341.79,3045.75273223,2024-08-11 00:00:00+00:00,2861.7488527492155,3131.65104855906,199.25571428571433
1723420800000,2341.79,2514.85,2302.51,2491.3,4528.4599636,2024-08-12 00:00:00+00:00,2847.22144675905,3125.279396334592,205.7521428571429
1723507200000,2491.49,2502.64,2390.25,2458.03,4815.23735508,2024-08-13 00:00:00+00:00,2831.9590370822248,3118.640098858626,205.43714285714285
1723593600000,2458.03,2524.0,2391.0,2419.31,3433.77503693,2024-08-14 00:00:00+00:00,2815.77672190253,3111.6815904122714,206.60785714285717
1723680000000,2419.31,2436.4,2297.71,2344.28,4312.48370443,2024-08-15 00:00:00+00:00,2797.2866543769405,3104.0457536917515,206.60642857142855
1723766400000,2344.28,2393.6,2323.53,2354.57,1876.40247127,2024-08-16 00:00:00+00:00,2779.925216950394,3096.588283505764,193.05428571428567
1723852800000,2354.69,2383.5,2350.71,2373.06,1221.31189293,2024-08-17 00:00:00+00:00,2763.969718246457,3089.388997102722,185.2571428571428
1723939200000,2373.13,2434.25,2357.7,2371.3,2128.71021403,2024-08-18 00:00:00+00:00,2748.570905766204,3082.243832952446,170.8142857142857
1724025600000,2371.32,2399.97,2322.34,2379.73,6813.51050454,2024-08-19 00:00:00+00:00,2734.106556520471,3075.2536455598847,138.3057142857142
1724112000000,2379.93,2433.0,2300.47,2313.54,3054.46405139,2024-08-20 00:00:00+00:00,2717.613750382413,3067.6744053055572,138.3757142857142
1724198400000,2313.01,2387.76,2282.84,2358.46,3221.02248097,2024-08-21 00:00:00+00:00,2703.5292895831026,3060.6175455512735,130.0749999999999
1724284800000,2358.57,2373.74,2321.66,2359.92,2400.59753457,2024-08-22 00:00:00+00:00,2690.0544154818044,3053.645430670166,107.47714285714278
1724371200000,2359.92,2498.85,2356.22,2471.77,4046.92066135,2024-08-23 00:00:00+00:00,2681.4942423256553,3047.855625389866,107.76857142857135
1724457600000,2471.44,2517.35,2440.0,2471.63,2381.13390412,2024-08-24 00:00:00+00:00,2673.2642720383747,3042.122037077529,109.11571428571422
1724544000000,2471.53,2493.58,2440.72,2455.77,1420.78651063,2024-08-25 00:00:00+00:00,2664.7350848996152,3036.2876884498924,101.13071428571425
1724630400000,2455.77,2466.44,2392.0,2401.16,3096.37628915,2024-08-26 00:00:00+00:00,2654.3988070604146,3029.9680099578536,91.28071428571427
1724716800000,2401.51,2417.53,2142.01,2202.01,6193.51292765,2024-08-27 00:00:00+00:00,2636.658069528634,3021.7296217990693,102.93285714285715
1724803200000,2202.02,2297.9,2167.22,2273.44,4236.52860732,2024-08-28 00:00:00+00:00,2622.414223664766,3014.2839539204715,102.76714285714287
1724889600000,2273.56,2344.15,2260.14,2281.79,3268.86508426,2024-08-29 00:00:00+00:00,2609.05641097203,3006.9954568665366,98.8614285714286
1724976000000,2281.8,2300.85,2201.34,2287.68,3452.52446321,2024-08-30 00:00:00+00:00,2596.4534144633226,2999.838089136522,100.96428571428575
1725062400000,2287.68,2293.07,2257.94,2275.11,1191.68735562,2024-08-31 00:00:00+00:00,2583.851711935349,2992.626864368994,101.13142857142861
1725148800000,2274.92,2277.01,2175.0,2198.31,2379.17749299,2024-09-01 00:00:00+00:00,2568.732429114355,2984.7232139772627,102.95000000000005
1725235200000,2198.31,2315.15,2197.13,2293.48,4120.0758354,2024-09-02 00:00:00+00:00,2557.93821620791,2977.845172047141,105.83500000000006
1725321600000,2293.48,2305.84,2185.0,2196.4,3479.10403001,2024-09-03 00:00:00+00:00,2543.7602469448548,2970.069598195926,105.00000000000007
1725408000000,2194.86,2246.25,2091.0,2210.05,5227.05732217,2024-09-04 00:00:00+00:00,2530.673570594076,2962.5072141342753,108.59500000000006
1725494400000,2210.05,2225.55,2115.32,2131.36,4786.68448251,2024-09-05 00:00:00+00:00,2515.0142148845043,2954.237092600601,112.7485714285715
1725580800000,2131.17,2166.29,1941.55,2008.84,9547.91547587,2024-09-06 00:00:00+00:00,2495.1642456733475,2944.830156355819,118.61357142857149
1725667200000,2008.85,2087.85,2006.83,2053.25,2102.41856278,2024-09-07 00:00:00+00:00,2477.834275254785,2935.95871201397,118.87571428571435
1725753600000,2053.25,2103.64,2024.79,2072.56,2154.92841415,2024-09-08 00:00:00+00:00,2461.9411664212644,2927.3676800536323,120.7321428571429
1725840000000,2073.82,2156.79,2058.58,2138.71,4310.86797711,2024-09-09 00:00:00+00:00,2449.2654344047446,2919.5203399535967,122.43000000000005
1725926400000,2138.56,2175.85,2106.57,2168.3,3905.8819672,2024-09-10 00:00:00+00:00,2438.2471820751466,2912.045510700327,107.69857142857146
1726012800000,2167.17,2168.57,2070.52,2126.02,3671.94499692,2024-09-11 00:00:00+00:00,2426.0029788565134,2904.224361340125,105.36785714285716
1726099200000,2126.02,2170.52,2096.99,2131.82,2894.85071783,2024-09-12 00:00:00+00:00,2414.466391450376,2896.538745804403,104.61928571428574
1726185600000,2131.82,2223.63,2110.77,2204.43,3152.46918593,2024-09-13 00:00:00+00:00,2406.229670217028,2889.652091617295,105.57285714285719
1726272000000,2203.69,2204.49,2150.0,2181.98,1818.93419587,2024-09-14 00:00:00+00:00,2397.4355655026347,2882.610578267869,106.95571428571431
1726358400000,2181.98,2191.88,2063.34,2089.42,2249.92172073,2024-09-15 00:00:00+00:00,2385.356523718218,2874.7181347030146,108.85071428571429
1726444800000,2089.43,2098.25,2032.77,2062.45,3010.1465502,2024-09-16 00:00:00+00:00,2372.6935227880917,2866.63586470597,105.09785714285715
1726531200000,2062.48,2150.65,2036.4,2104.25,3633.9835818,2024-09-17 00:00:00+00:00,2362.1663258160097,2859.0499357039207,104.62714285714286
1726617600000,2104.25,2136.56,2047.38,2135.95,7373.91081189,2024-09-18 00:00:00+00:00,2353.2950973526367,2851.854911468061,99.90785714285713
1726704000000,2136.65,2233.47,2135.87,2208.45,7499.79931293,2024-09-19 00:00:00+00:00,2347.614897456455,2845.452872547981,99.00571428571426
1726790400000,2208.45,2303.0,2186.0,2294.13,4793.93383312,2024-09-20 00:00:00+00:00,2345.5174504973784,2839.9670728211354,91.30999999999997
1726876800000,2294.13,2349.11,2267.9,2342.7,1625.0589078,2024-09-21 00:00:00+00:00,2345.4069622425795,2835.0191417482883,91.32357142857141
1726963200000,2342.63,2356.65,2264.22,2313.11,1893.67351445,2024-09-22 00:00:00+00:00,2344.1404147036546,2829.8260159597485,92.29357142857144
1727049600000,2313.11,2427.19,2278.7,2382.9,7053.85897707,2024-09-23 00:00:00+00:00,2345.660398440766,2825.3789909253233,95.88500000000002
1727136000000,2382.43,2393.82,2323.93,2372.11,4525.95799136,2024-09-24 00:00:00+00:00,2346.697637717599,2820.868851712136,95.92857142857149
1727222400000,2372.11,2387.3,2297.07,2316.9,3430.13206254,2024-09-25 00:00:00+00:00,2345.529102905144,2815.8542362722146,95.37000000000005
1727308800000,2317.89,2385.05,2299.96,2355.8,3623.38429678,2024-09-26 00:00:00+00:00,2345.931883183374,2811.276582179954,96.19571428571433
1727395200000,2355.69,2445.0,2342.82,2414.32,4228.33423319,2024-09-27 00:00:00+00:00,2348.6137701173593,2807.326765441845,95.43285714285717
1727481600000,2414.51,2422.25,2376.14,2396.75,2060.48587984,2024-09-28 00:00:00+00:00,2350.5014654068746,2803.241424492175,94.83428571428577
1727568000000,2396.65,2403.59,2361.3,2379.57,1798.47473321,2024-09-29 00:00:00+00:00,2351.6414079399387,2799.0257884275766,88.67357142857148
1727654400000,2379.69,2382.15,2314.7,2337.02,3385.97162849,2024-09-30 00:00:00+00:00,2351.0680193932744,2794.428715905909,88.81428571428579
1727740800000,2336.1,2385.99,2180.0,2212.87,6577.95682052,2024-10-01 00:00:00+00:00,2345.6484892209896,2788.642062016298,95.36714285714291
1727827200000,2211.92,2257.52,2126.91,2141.72,4992.58683909,2024-10-02 00:00:00+00:00,2337.6512935652645,2782.20502657335,98.32642857142865
1727913600000,2141.72,2177.44,2097.02,2129.34,4741.51954865,2024-10-03 00:00:00+00:00,2329.482223229372,2775.7088571547097,97.0992857142858
1728000000000,2129.34,2226.25,2120.9,2199.4,4047.80306038,2024-10-04 00:00:00+00:00,2324.3809595733183,2769.974440665608,96.26714285714294
1728086400000,2199.45,2211.92,2176.21,2198.47,1369.73112239,2024-10-05 00:00:00+00:00,2319.443274884168,2764.2878293157014,93.01714285714294
1728172800000,2198.15,2236.55,2192.08,2223.35,1605.91081518,2024-10-06 00:00:00+00:00,2315.6749111632203,2758.9053633523613,89.59142857142865
1728259200000,2223.35,2295.86,2190.84,2206.97,4151.54416941,2024-10-07 00:00:00+00:00,2311.411973470545,2753.4134691896516,86.48642857142863
1728345600000,2206.91,2243.24,2191.31,2223.59,2556.24950002,2024-10-08 00:00:00+00:00,2307.9679745109156,2748.1415938743316,85.20357142857145
1728432000000,2223.59,2253.8,2150.0,2164.56,2279.54700376,2024-10-09 00:00:00+00:00,2302.3441323732327,2742.3348118457316,86.17285714285718
1728518400000,2164.56,2211.75,2133.64,2180.0,3315.91656671,2024-10-10 00:00:00+00:00,2297.546323260557,2736.7394405835853,85.67428571428574
1728604800000,2180.0,2258.72,2177.54,2227.52,2968.91683596,2024-10-11 00:00:00+00:00,2294.8001929366137,2731.672580478276,84.17428571428574
1728691200000,2228.37,2273.28,2226.9,2261.91,1204.88665734,2024-10-12 00:00:00+00:00,2293.5103814489034,2726.9983259461537,84.19357142857146
1728777600000,2261.91,2268.69,2225.0,2256.84,1696.7756118,2024-10-13 00:00:00+00:00,2292.0723272744367,2722.3201336481825,84.29357142857147
1728864000000,2256.84,2426.35,2237.36,2406.77,4754.05092504,2024-10-14 00:00:00+00:00,2296.570275224459,2719.1803313233254,92.97500000000001
1728950400000,2406.77,2459.65,2325.81,2391.95,4501.69572831,2024-10-15 00:00:00+00:00,2300.310656588206,2715.9243081260784,87.8214285714286
1729036800000,2391.95,2427.95,2378.49,2404.1,2869.97797289,2024-10-16 00:00:00+00:00,2304.3808269180804,2712.821578691988,82.02500000000002
1729123200000,2403.91,2437.81,2378.82,2403.47,2741.67014603,2024-10-17 00:00:00+00:00,2308.2666768428617,2709.743453530874,80.49428571428572
1729209600000,2403.69,2460.0,2394.5,2431.66,3070.59125455,2024-10-18 00:00:00+00:00,2313.1056306921614,2706.976453993253,77.64785714285715
1729296000000,2431.69,2446.9,2419.67,2434.91,1636.77010136,2024-10-19 00:00:00+00:00,2317.882272625802,2704.2693250977977,77.04214285714286
1729382400000,2434.91,2531.75,2422.69,2523.0,2829.33797929,2024-10-20 00:00:00+00:00,2325.926105071849,2702.465650221203,81.65571428571427
1729468800000,2523.13,2542.0,2451.04,2463.75,3610.85304725,2024-10-21 00:00:00+00:00,2331.3309636964823,2700.0903701194993,80.65142857142857
1729555200000,2463.75,2467.66,2409.44,2425.49,2787.26073855,2024-10-22 00:00:00+00:00,2335.0234749240713,2697.3580281282602,81.10071428571428
1729641600000,2427.15,2429.9,2270.41,2339.44,3680.56530784,2024-10-23 00:00:00+00:00,2335.196671985873,2693.796654714049,85.07857142857142
1729728000000,2339.45,2371.57,2320.07,2341.77,3097.9574392,2024-10-24 00:00:00+00:00,2335.4544495550545,2690.2939019308246,83.17785714285712
1729814400000,2341.32,2366.24,2207.0,2259.02,7493.81650284,2024-10-25 00:00:00+00:00,2332.4570201607385,2686.002619324548,88.7535714285714
1729900800000,2259.02,2319.71,2251.16,2298.74,4052.4096106,2024-10-26 00:00:00+00:00,2331.1347840760036,2682.1492599282838,90.33714285714284
1729987200000,2298.68,2337.03,2281.5,2320.46,1278.03012082,2024-10-27 00:00:00+00:00,2330.716165092631,2678.550361819545,91.18285714285715
1730073600000,2320.46,2388.88,2289.91,2369.82,3961.99941186,2024-10-28 00:00:00+00:00,2332.249648814489,2675.478417920843,84.75285714285717
1730160000000,2369.78,2479.72,2363.71,2434.82,4870.90270807,2024-10-29 00:00:00+00:00,2336.272015527646,2673.0838067972527,83.47928571428572
1730246400000,2434.82,2507.28,2401.1,2447.65,4260.02137665,2024-10-30 00:00:00+00:00,2340.639779624601,2670.840684341559,87.53071428571431
1730332800000,2447.82,2457.35,2300.0,2313.51,4008.60444326,2024-10-31 00:00:00+00:00,2339.575866698146,2667.285155144131,94.5564285714286
1730419200000,2313.51,2379.75,2267.91,2318.87,4054.60816481,2024-11-01 00:00:00+00:00,2338.7638719256697,2663.8183376800102,97.86642857142861
1730505600000,2318.87,2329.65,2282.0,2303.15,1266.10839816,2024-11-02 00:00:00+00:00,2337.3672494972125,2660.2295980016024,99.32500000000005
1730592000000,2303.2,2305.4,2227.5,2262.23,4437.81938605,2024-11-03 00:00:00+00:00,2334.4206906934,2656.2694029966115,97.09928571428577
1730678400000,2262.19,2284.64,2167.84,2203.52,4575.6204943,2024-11-04 00:00:00+00:00,2329.2873302740513,2651.7644338125656,98.94500000000004
1730764800000,2203.53,2274.63,2190.13,2216.62,4127.69918256,2024-11-05 00:00:00+00:00,2324.869003596638,2647.434638451247,100.82214285714291
1730851200000,2216.61,2554.93,2215.62,2534.33,12170.67273925,2024-11-06 00:00:00+00:00,2333.0831603183383,2646.309219163175,113.6664285714286
1730937600000,2534.33,2701.32,2513.95,2682.13,13300.23399177,2024-11-07 00:00:00+00:00,2346.7712716784035,2646.6656448431436,123.37142857142862
1731024000000,2682.3,2785.84,2681.64,2766.16,6206.01247315,2024-11-08 00:00:00+00:00,2363.217888475329,2647.854643401918,119.44000000000008
1731110400000,2766.23,2946.32,2761.84,2918.57,7894.65625162,2024-11-09 00:00:00+00:00,2384.9964026527673,2650.548328542198,127.72071428571437
1731196800000,2918.0,3025.0,2835.42,2965.5,17905.994975,2024-11-10 00:00:00+00:00,2407.761249607561,2653.6821760193898,137.29571428571435
1731283200000,2965.49,3154.84,2897.06,3131.61,16570.73311183,2024-11-11 00:00:00+00:00,2436.147475113147,2658.4376767555154,148.63928571428576
1731369600000,3131.06,3200.0,2930.77,3043.08,12374.99415764,2024-11-12 00:00:00+00:00,2459.948750598906,2662.2649635539683,159.5835714285715
1731456000000,3041.98,3143.89,2918.08,3012.62,13226.64467136,2024-11-13 00:00:00+00:00,2481.6221329283603,2665.7510833196006,168.12857142857146
1731542400000,3013.44,3068.04,2873.02,2904.87,7261.87780459,2024-11-14 00:00:00+00:00,2498.2200884997974,2668.130376022888,170.81928571428577
1731628800000,2904.83,2961.52,2859.76,2929.48,4736.60708353,2024-11-15 00:00:00+00:00,2515.132241891962,2670.7308697938047,170.09928571428574
1731715200000,2928.9,3047.45,2913.67,2963.13,5971.26273163,2024-11-16 00:00:00+00:00,2532.700781425611,2673.6403138754586,176.25142857142856
1731801600000,2964.32,2986.89,2870.04,2914.59,4167.90025949,2024-11-17 00:00:00+00:00,2547.6768292128418,2676.0378231901304,179.0335714285714
1731888000000,2914.59,3040.95,2893.67,3026.55,6070.58652776,2024-11-18 00:00:00+00:00,2566.4561692437105,2679.525506541472,181.21071428571426
1731974400000,3026.63,3038.75,2900.0,2932.94,5309.47787697,2024-11-19 00:00:00+00:00,2580.82808417533,2682.0470437898157,185.08571428571426
1732060800000,2933.6,2994.35,2875.4,2901.45,6655.15934707,2024-11-20 00:00:00+00:00,2593.4014926390428,2684.2301577819567,169.34571428571425
1732147200000,2901.45,3228.17,2876.35,3196.2,14992.06090263,2024-11-21 00:00:00+00:00,2617.0406497904532,2689.3243850677086,181.09214285714282
1732233600000,3196.0,3260.98,3124.57,3190.0,10195.77466505,2024-11-22 00:00:00+00:00,2639.5096439163176,2694.3062319824576,183.39285714285708
1732320000000,3190.0,3346.53,3171.29,3242.23,8442.3710929,2024-11-23 00:00:00+00:00,2663.145736311756,2699.758209773677,182.73285714285709
1732406400000,3242.72,3294.15,3137.16,3206.48,5057.66107091,2024-11-24 00:00:00+00:00,2684.452962338746,2704.800217636626,180.40499999999997
1732492800000,3206.48,3375.0,3150.0,3263.1,11202.1023557,2024-11-25 00:00:00+00:00,2707.1450030313445,2710.3554393516847,178.06357142857138
1732579200000,3265.14,3306.03,3107.45,3168.01,6605.67877835,2024-11-26 00:00:00+00:00,2725.2181401673706,2714.9092160745536,173.01714285714283
1732665600000,3168.01,3487.18,3149.53,3460.57,8987.73584502,2024-11-27 00:00:00+00:00,2754.055468003944,2722.328726362369,181.00571428571425
1732752000000,3460.58,3469.0,3345.58,3390.47,6970.59289922,2024-11-28 00:00:00+00:00,2779.0129006312404,2728.9768982393603,175.89142857142855
1732838400000,3390.09,3454.85,3341.55,3397.25,5222.40776604,2024-11-29 00:00:00+00:00,2803.2574927633486,2735.6263818389684,176.71571428571426
1732924800000,3397.25,3531.2,3376.05,3501.08,6639.63314713,2024-11-30 00:00:00+00:00,2830.6230812824333,2743.2428357510184,178.24214285714282
1733011200000,3501.66,3540.0,3461.1,3515.45,4530.59342728,2024-12-01 00:00:00+00:00,2857.4790388792007,2750.9264891266303,175.53142857142853
1733097600000,3514.83,3566.44,3391.11,3470.01,9164.47928242,2024-12-02 00:00:00+00:00,2881.499860883938,2758.081548936316,177.535
1733184000000,3469.87,3495.79,3328.38,3442.11,6742.97466253,2024-12-03 00:00:00+00:00,2903.484572221823,2764.887802180731,179.58214285714283
1733270400000,3442.11,3699.03,3442.1,3649.11,12532.83929724,2024-12-04 00:00:00+00:00,2932.724785075869,2773.6860330048034,189.43785714285715
1733356800000,3649.67,3749.39,3475.0,3582.25,14549.97458545,2024-12-05 00:00:00+00:00,2958.1963621317173,2781.731445611721,183.90714285714284
1733443200000,3582.26,3874.0,3575.93,3786.7,13652.99705859,2024-12-06 00:00:00+00:00,2990.68670087165,2791.731132720062,195.45428571428573
1733529600000,3786.71,3808.71,3760.41,3779.85,5242.77309533,2024-12-07 00:00:00+00:00,3021.6342812296243,2801.5631612502107,186.38714285714286
1733616000000,3778.9,3797.07,3715.2,3786.41,3899.85262899,2024-12-08 00:00:00+00:00,3051.6254858872862,2811.362632282547,181.02142857142857
1733702400000,3786.41,3787.88,3307.62,3524.17,10696.09093766,2024-12-09 00:00:00+00:00,3070.156643303471,2818.4552429066016,199.25428571428574
1733788800000,3523.11,3584.86,3346.5,3450.58,8160.21418165,2024-12-10 00:00:00+00:00,3085.075206311178,2824.7450414846458,202.0957142857143
1733875200000,3450.3,3662.0,3387.41,3645.11,6467.37948136,2024-12-11 00:00:00+00:00,3107.0373550832887,2832.907876892759,197.59142857142862
1733961600000,3645.11,3799.9,3617.3,3706.79,6076.66969323,2024-12-12 00:00:00+00:00,3130.55706664865,2841.6032214012885,201.81857142857146
1734048000000,3706.8,3781.61,3680.41,3722.11,3371.65925407,2024-12-13 00:00:00+00:00,3153.7552208977227,2850.364482879883,200.9542857142858
1734134400000,3722.11,3754.83,3645.0,3683.03,2188.24549393,2024-12-14 00:00:00+00:00,3174.5110945880083,2858.649711905954,197.71714285714296
1734220800000,3683.04,3764.99,3647.68,3752.21,4817.86439539,2024-12-15 00:00:00+00:00,3197.1659536237726,2867.5408590511684,200.46071428571437
1734307200000,3752.21,3896.38,3700.0,3781.51,10544.54002801,2024-12-16 00:00:00+00:00,3220.0814064228407,2876.6350793591173,201.9642857142858
1734393600000,3781.51,3839.18,3668.41,3707.66,6752.37388081,2024-12-17 00:00:00+00:00,3239.2021355827296,2884.903984042111,202.20428571428582
1734480000000,3707.66,3727.82,3496.01,3503.4,8536.72785223,2024-12-18 00:00:00+00:00,3249.562836148113,2891.0581732556225,200.41000000000008
1734566400000,3503.4,3569.68,3208.0,3297.47,12796.14911986,2024-12-19 00:00:00+00:00,3251.4415484560304,2895.1020720291986,206.64500000000007
1734652800000,3296.0,3350.0,2973.42,3332.71,19258.20799625,2024-12-20 00:00:00+00:00,3254.628546555794,2899.4563797702017,212.2528571428572
1734739200000,3332.98,3415.99,3164.53,3205.79,7770.6893901,2024-12-21 00:00:00+00:00,3252.7133094359588,2902.5044754938817,226.76428571428573
1734825600000,3205.86,3266.51,3090.93,3143.91,3720.51759961,2024-12-22 00:00:00+00:00,3248.44651298749,2904.906520513843,233.45785714285716
1734912000000,3143.95,3326.85,3085.32,3287.57,5824.91497385,2024-12-23 00:00:00+00:00,3249.980767380138,2908.714117324651,216.40571428571428
1734998400000,3287.58,3404.4,3224.01,3358.66,6123.32495341,2024-12-24 00:00:00+00:00,3254.242698071113,2913.191190784107,212.26499999999996
1735084800000,3358.53,3409.88,3312.11,3362.12,1966.57376093,2024-12-25 00:00:00+00:00,3258.473180499697,2917.6581441096387,199.63499999999996
1735171200000,3361.84,3377.21,3171.02,3197.81,2901.05214978,2024-12-26 00:00:00+00:00,3256.094232244807,2920.445724765264,201.31999999999996
1735257600000,3197.14,3303.13,3170.6,3194.5,4200.39447445,2024-12-27 00:00:00+00:00,3253.6787721567753,2923.172632976555,203.5578571428571
1735344000000,3194.74,3279.08,3183.58,3259.12,2123.32462765,2024-12-28 00:00:00+00:00,3253.8921536408234,2926.515392847435,202.5342857142857
1735430400000,3259.12,3265.38,3183.17,3211.2,3246.42169511,2024-12-29 00:00:00+00:00,3252.217951537262,2929.3480755056694,200.02714285714282
1735516800000,3211.94,3285.29,3170.22,3226.81,5551.12452996,2024-12-30 00:00:00+00:00,3251.2215612808986,2932.3078956498916,194.2192857142857
1735603200000,3226.81,3320.0,3183.8,3219.0,7131.51099429,2024-12-31 00:00:00+00:00,3249.957970642432,2935.160553404619,191.74999999999997
1735689600000,3219.01,3253.67,3200.0,3238.32,2392.65670354,2025-01-01 00:00:00+00:00,3249.5015796368466,2938.1770653110407,179.02571428571426
1735776000000,3238.32,3400.0,3235.41,3363.14,6216.35424222,2025-01-02 00:00:00+00:00,3253.9579882785392,2942.4055522233684,164.94785714285715
1735862400000,3363.79,3522.12,3329.42,3500.0,7634.48831422,2025-01-03 00:00:00+00:00,3263.6066946205574,2947.9537556838327,151.8135714285714
1735948800000,3500.0,3560.0,3468.0,3548.11,3002.10158251,2025-01-04 00:00:00+00:00,3274.7636869883786,2953.925459607377,140.42357142857145
1736035200000,3548.15,3563.37,3489.2,3527.47,4222.6934549,2025-01-05 00:00:00+00:00,3284.673738479031,2959.632370457055,133.18
1736121600000,3527.7,3598.8,3476.27,3552.36,4516.53144466,2025-01-06 00:00:00+00:00,3295.1712389308336,2965.5301578156914,124.68000000000004
1736208000000,3552.39,3563.45,3244.86,3270.65,7934.31047434,2025-01-07 00:00:00+00:00,3294.2096217178596,2968.5661761458837,134.5514285714286
1736294400000,3270.64,3300.98,3118.48,3227.48,5110.36694324,2025-01-08 00:00:00+00:00,3291.592773807355,2971.142433099656,140.60357142857146
1736380800000,3227.56,3254.91,3069.01,3128.18,7258.45205605,2025-01-09 00:00:00+00:00,3285.1844297364783,2972.704995954386,139.1542857142857
1736467200000,3128.61,3238.9,3118.41,3190.7,4067.97597283,2025-01-10 00:00:00+00:00,3281.4791579821067,2974.8741004722533,138.2942857142857
1736553600000,3190.7,3237.8,3144.14,3201.22,2734.08002086,2025-01-11 00:00:00+00:00,3278.331740022024,2977.1262984775044,138.16285714285715
1736640000000,3201.22,3216.49,3149.64,3187.71,1938.31689164,2025-01-12 00:00:00+00:00,3274.77794629567,2979.2216586916584,137.06571428571428
1736726400000,3187.71,3256.38,2855.01,3057.17,10665.94091515,2025-01-13 00:00:00+00:00,3266.244301342899,2979.997264077811,157.51571428571427
1736812800000,3057.17,3172.0,3050.66,3130.13,4411.23008439,2025-01-14 00:00:00+00:00,3260.9064856039613,2981.4911221466887,156.45428571428573
1736899200000,3130.09,3372.99,3090.78,3349.73,5902.18783186,2025-01-15 00:00:00+00:00,3264.389760678316,2985.15519058304,172.7785714285714
1736985600000,3349.74,3357.07,3171.6,3208.76,6161.72829492,2025-01-16 00:00:00+00:00,3262.2082014360294,2987.380114059826,174.26999999999998
1737072000000,3209.17,3424.88,3209.1,3374.27,6159.7596921,2025-01-17 00:00:00+00:00,3266.602781771872,2991.229764666196,175.94285714285712
1737158400000,3375.14,3392.0,3135.23,3213.01,5741.2940554,2025-01-18 00:00:00+00:00,3264.501104055328,2993.4365331769804,187.71214285714285
1737244800000,3213.01,3355.29,3049.0,3126.5,13622.73008015,2025-01-19 00:00:00+00:00,3259.0892960531583,2994.7605477722345,204.29214285714284
1737331200000,3125.26,3338.16,3057.0,3149.01,9747.7692572,2025-01-20 00:00:00+00:00,3254.772460913819,2996.2953681924114,215.6228571428571
1737417600000,3149.05,3228.38,3086.3,3197.78,5093.92452881,2025-01-21 00:00:00+00:00,3252.537462446611,2998.3001903994523,203.01499999999996
1737504000000,3198.63,3227.88,3096.28,3115.07,3291.37121911,2025-01-22 00:00:00+00:00,3247.1465815663514,2999.462079052194,199.3792857142857
1737590400000,3115.07,3213.56,3060.01,3206.67,3918.35696427,2025-01-23 00:00:00+00:00,3245.559264642181,3001.5238494098835,197.0685714285714
1737676800000,3206.76,3270.6,3140.93,3156.69,3920.90481708,2025-01-24 00:00:00+00:00,3242.074195440527,3003.0677912068,197.72428571428568
1737763200000,3155.3,3194.22,3118.5,3164.79,2781.57006538,2025-01-25 00:00:00+00:00,3239.0434426781535,3004.6769674136976,196.44285714285706
1737849600000,3164.79,3203.51,3088.0,3090.26,2379.75081241,2025-01-26 00:00:00+00:00,3233.2087978672453,3005.528539877243,199.91857142857137
1737936000000,3088.91,3108.0,2887.0,3045.93,10180.08729113,2025-01-27 00:00:00+00:00,3225.8645312842164,3005.930544455579,187.03499999999994
1738022400000,3046.13,3088.88,2916.48,2950.9,4182.24450032,2025-01-28 00:00:00+00:00,3215.081608488757,3005.382976849056,190.6821428571428
1738108800000,2949.9,3052.41,2937.39,2987.29,3447.83433026,2025-01-29 00:00:00+00:00,3206.148604234296,3005.202947228667,178.73999999999998
1738195200000,2987.29,3149.75,2966.71,3123.39,4728.37170604,2025-01-30 00:00:00+00:00,3202.9031687741276,3006.3789378035062,178.56642857142853
1738281600000,3123.61,3306.86,3096.96,3185.95,6502.78818804,2025-01-31 00:00:00+00:00,3202.2383386261226,3008.16571454178,178.12214285714282
1738368000000,3185.95,3216.83,3002.0,3014.69,4182.91153102,2025-02-01 00:00:00+00:00,3194.883501817255,3008.230632805046,175.12642857142853
1738454400000,3014.69,3058.9,2686.19,2800.0,14924.80821832,2025-02-02 00:00:00+00:00,3179.39787429501,3006.158686209971,179.87071428571426
1738540800000,2802.69,2826.97,2095.0,2795.01,30048.76437615,2025-02-03 00:00:00+00:00,3164.323840008931,3004.0577042576333,212.07142857142853
1738627200000,2795.01,2800.73,2540.56,2635.35,11038.66173762,2025-02-04 00:00:00+00:00,3143.579767851718,3000.3889708819356,220.50642857142856
1738713600000,2635.41,2714.98,2602.11,2682.71,4560.00796903,2025-02-05 00:00:00+00:00,3125.5064436222387,2997.227986097041,219.1685714285714
1738800000000,2682.46,2758.79,2561.0,2589.16,6133.34659143,2025-02-06 00:00:00+00:00,3104.4732497547,2993.167608125926,222.32857142857142
1738886400000,2589.16,2699.4,2485.0,2541.46,5917.33446816,2025-02-07 00:00:00+00:00,3082.3942987839278,2988.6730050599967,228.38071428571428
1738972800000,2541.46,2584.19,2513.5,2552.96,2921.57207578,2025-02-08 00:00:00+00:00,3061.6321694198523,2984.33755227333,228.02142857142857
1739059200000,2553.04,2614.99,2452.02,2550.01,2894.88863087,2025-02-09 00:00:00+00:00,3041.5685549327995,2980.015885086531,231.41142857142856
1739145600000,2550.01,2612.0,2487.37,2581.96,3322.85656489,2025-02-10 00:00:00+00:00,3023.5446900334746,2976.055130011043,224.52785714285713
1739232000000,2581.96,2644.23,2473.09,2511.78,5130.12767898,2025-02-11 00:00:00+00:00,3003.4754865027503,2971.435476976107,224.43785714285713
1739318400000,2511.82,2689.0,2464.56,2634.86,6126.70880952,2025-02-12 00:00:00+00:00,2989.019977228133,2968.086467254952,232.2535714285714
1739404800000,2634.86,2650.67,2510.22,2558.27,3577.19673017,2025-02-13 00:00:00+00:00,2972.1278212584025,2964.0086914613707,229.21142857142857
1739491200000,2558.95,2657.3,2550.0,2599.57,4346.3115325,2025-02-14 00:00:00+00:00,2957.5177106208184,2960.382435824939,221.88285714285715
1739577600000,2599.89,2611.43,2542.13,2568.78,1878.14869689,2025-02-15 00:00:00+00:00,2942.273094518041,2956.48589417494,211.48785714285714
1739664000000,2568.78,2599.12,2530.21,2538.67,2318.40970437,2025-02-16 00:00:00+00:00,2926.4455221840003,2952.3285220935973,189.78785714285712
1739750400000,2538.67,2718.36,2516.56,2616.67,6089.90640218,2025-02-17 00:00:00+00:00,2914.29746249051,2948.988636301621,151.91857142857143
1739836800000,2616.67,2628.27,2496.7,2555.25,5018.88539281,2025-02-18 00:00:00+00:00,2900.2171698438233,2945.070838925486,142.73285714285717
1739923200000,2555.25,2622.45,2542.55,2604.67,4076.34092137,2025-02-19 00:00:00+00:00,2888.6270847519086,2941.6837659013518,140.37785714285715
1740009600000,2604.67,2651.38,2588.13,2610.22,3026.43725311,2025-02-20 00:00:00+00:00,2877.709159859677,2938.3856189769604,130.76785714285714
1740096000000,2610.22,2715.65,2503.86,2546.06,6319.44643909,2025-02-21 00:00:00+00:00,2864.7033104534157,2934.481881474702,130.58142857142857
1740182400000,2546.06,2673.29,2539.73,2642.8,1834.32093654,2025-02-22 00:00:00+00:00,2856.001219847399,2931.5795741963466,135.07214285714284
1740268800000,2642.8,2725.0,2626.81,2693.15,3427.55971798,2025-02-23 00:00:00+00:00,2849.614897500442,2929.2071406222535,130.445
1740355200000,2693.15,2707.71,2363.79,2403.64,7355.70530494,2025-02-24 00:00:00+00:00,2832.1256858337583,2923.9776168349676,146.10857142857142
1740441600000,2403.37,2417.88,2214.0,2371.29,13800.13624647,2025-02-25 00:00:00+00:00,2814.053698154003,2918.478237562978,148.44714285714286
1740528000000,2371.4,2385.62,2146.0,2223.54,12826.77349226,2025-02-26 00:00:00+00:00,2790.896298226395,2911.5634292290183,149.53142857142856
1740614400000,2223.68,2269.47,2141.69,2216.15,5760.62671452,2025-02-27 00:00:00+00:00,2768.3572277077133,2904.6438926197743,148.62642857142853
1740700800000,2216.0,2221.22,1995.0,2154.74,14802.0690334,2025-02-28 00:00:00+00:00,2744.293807013293,2897.182162344951,157.12071428571423
1740787200000,2156.03,2196.96,2067.27,2138.46,3353.24789032,2025-03-01 00:00:00+00:00,2720.535618502968,2889.6326880927622,161.43428571428566
1740873600000,2138.19,2453.8,2096.86,2420.65,12858.50792084,2025-03-02 00:00:00+00:00,2708.7753981695187,2884.966193683879,182.00785714285712
1740960000000,2420.65,2424.82,1985.39,2049.25,13323.45906176,2025-03-03 00:00:00+00:00,2682.911657064832,2876.6506096671237,198.98142857142855
1741046400000,2049.25,2091.11,1895.85,2045.0,9653.64801435,2025-03-04 00:00:00+00:00,2657.8955136505247,2868.375479222675,203.53071428571425
1741132800000,2044.83,2126.14,2008.59,2077.89,5460.83115992,2025-03-05 00:00:00+00:00,2635.15019938972,2860.5099520662307,206.22
1741219200000,2077.89,2147.11,2018.57,2042.12,6877.06523925,2025-03-06 00:00:00+00:00,2611.8941131391425,2852.3667684635816,210.88357142857143
1741305600000,2042.64,2078.98,1950.28,1976.33,9576.72620201,2025-03-07 00:00:00+00:00,2586.9700302709407,2843.649984697775,204.94857142857146
1741392000000,1976.34,2061.99,1942.69,2034.59,3135.69254572,2025-03-08 00:00:00+00:00,2565.3080682995314,2835.5996365913297,203.93
1741478400000,2034.6,2042.27,1833.77,1857.75,7688.32021576,2025-03-09 00:00:00+00:00,2537.560693072099,2825.8697894610677,211.80928571428572
1741564800000,1859.89,1985.32,1672.62,1719.77,13265.5017139,2025-03-10 00:00:00+00:00,2505.49046981437,2814.863821406729,209.5792857142857
1741651200000,1720.1,1796.76,1617.0,1760.14,11466.41489861,2025-03-11 00:00:00+00:00,2476.2610396255714,2804.3690570146227,207.85642857142855
1741737600000,1761.61,1790.74,1677.5,1753.5,7532.15524552,2025-03-12 00:00:00+00:00,2447.9174694441767,2793.912648487114,198.8292857142857
1741824000000,1753.11,1769.39,1677.67,1717.61,7520.49469077,2025-03-13 00:00:00+00:00,2419.277960838523,2783.20316939769,196.25357142857143
1741910400000,1717.91,1788.74,1714.56,1756.33,5775.23271128,2025-03-14 00:00:00+00:00,2393.280001589954,2772.9855259210963,185.39357142857145
1741996800000,1757.52,1799.24,1752.01,1782.01,2822.05110289,2025-03-15 00:00:00+00:00,2369.3086289785833,2763.125072926857,179.50357142857143
1742083200000,1782.14,1783.81,1712.43,1735.41,4721.79863253,2025-03-16 00:00:00+00:00,2344.4498592147174,2752.899052300719,159.10642857142858
1742169600000,1735.42,1787.36,1727.55,1764.34,5523.4422157,2025-03-17 00:00:00+00:00,2321.700452971003,2743.062643820115,131.9907142857143
1742256000000,1764.26,1768.01,1712.46,1766.25,3774.77347867,2025-03-18 00:00:00+00:00,2299.918082266258,2733.3431150258853,122.01142857142857
1742342400000,1765.48,1897.37,1761.64,1885.34,7659.50441547,2025-03-19 00:00:00+00:00,2283.6601182558165,2724.905273085329,123.30999999999997
1742428800000,1885.17,1894.28,1798.54,1827.02,5326.35050292,2025-03-20 00:00:00+00:00,2265.7526626379413,2715.9710912635846,120.96714285714282
1742515200000,1826.96,1839.19,1786.0,1815.8,3174.5472969,2025-03-21 00:00:00+00:00,2248.1074601815512,2707.014164982355,115.5735714285714
1742601600000,1816.24,1854.79,1815.62,1830.26,2112.16036494,2025-03-22 00:00:00+00:00,2231.721285272471,2698.2902429427295,109.85
1742688000000,1830.27,1867.05,1827.63,1850.64,2471.65286964,2025-03-23 00:00:00+00:00,2216.7769211441387,2689.85591216718,97.77285714285712
1742774400000,1850.82,1944.0,1827.83,1927.82,6039.6286639,2025-03-24 00:00:00+00:00,2205.445277177702,2682.2734652799445,83.73499999999999
1742860800000,1926.8,1942.07,1886.27,1916.68,3444.67622845,2025-03-25 00:00:00+00:00,2194.121148660929,2674.655619854274,74.88071428571426
1742947200000,1916.68,1926.82,1843.1,1869.99,4025.22569673,2025-03-26 00:00:00+00:00,2181.4101232232456,2666.648996771147,72.77214285714284
1743033600000,1870.0,1890.04,1843.12,1854.94,2652.6575362,2025-03-27 00:00:00+00:00,2168.6073732929226,2658.572290335613,69.57214285714284
1743120000000,1854.94,1867.58,1721.11,1752.1,5617.12080513,2025-03-28 00:00:00+00:00,2152.273750810847,2649.552665556155,74.73571428571427
1743206400000,1752.11,1766.7,1660.33,1689.24,5938.23046007,2025-03-29 00:00:00+00:00,2134.115564504539,2639.9973156501237,78.96
1743292800000,1689.24,1707.94,1636.49,1669.16,5077.93853881,2025-03-30 00:00:00+00:00,2115.8820129553415,2630.3372428575854,78.965
1743379200000,1670.19,1715.0,1643.27,1684.12,6974.14048041,2025-03-31 00:00:00+00:00,2098.950169310034,2620.922145913729,79.81642857142857
1743465600000,1684.29,1784.58,1680.83,1765.3,36963.63731705,2025-04-01 00:00:00+00:00,2085.865848944935,2612.4084927205577,83.25928571428572
1743552000000,1765.3,1794.73,1642.1,1646.13,10169.03945935,2025-04-02 00:00:00+00:00,2068.6213058490553,2602.793781350204,84.46642857142861
1743638400000,1646.13,1690.64,1575.71,1644.61,12230.78653593,2025-04-03 00:00:00+00:00,2051.9934115020333,2593.2596143715955,85.8371428571429
1743724800000,1644.61,1669.44,1591.82,1657.1,5979.75598887,2025-04-04 00:00:00+00:00,2036.5073953646986,2583.9445933330726,87.5821428571429
1743811200000,1657.51,1665.9,1610.48,1646.92,2233.20326299,2025-04-05 00:00:00+00:00,2021.229458291573,2574.620965538714,88.74285714285718
1743897600000,1646.69,1657.06,1396.24,1435.96,15497.80137459,2025-04-06 00:00:00+00:00,1998.2777148291584,2563.2910056826076,104.5571428571429
1743984000000,1435.96,1494.42,1280.01,1423.84,20377.69049303,2025-04-07 00:00:00+00:00,1975.7507456201718,2551.953184730542,111.57428571428576
1744070400000,1423.02,1474.03,1316.64,1341.48,8474.50359997,2025-04-08 00:00:00+00:00,1950.8773830468317,2539.908675429741,118.83071428571432
1744156800000,1340.99,1542.12,1255.22,1524.62,14349.3986756,2025-04-09 00:00:00+00:00,1934.1614072410737,2529.806300549843,133.34357142857147
1744243200000,1524.77,1524.78,1315.02,1351.59,14313.7221796,2025-04-10 00:00:00+00:00,1911.315469702208,2518.08275527074,144.97500000000002
1744329600000,1352.17,1405.13,1330.98,1379.16,14105.09417622,2025-04-11 00:00:00+00:00,1890.446627753102,2506.750190541678,139.80928571428575
1744416000000,1379.12,1469.02,1361.92,1448.65,6804.61179848,2025-04-12 00:00:00+00:00,1873.121269802,2496.2218304367857,139.86142857142858
1744502400000,1448.71,1453.17,1379.01,1407.9,6291.63776461,2025-04-13 00:00:00+00:00,1854.8772984372156,2485.3927574971162,140.055
1744588800000,1407.91,1488.39,1406.22,1433.1,5856.5662844,2025-04-14 00:00:00+00:00,1838.3370122239915,2474.9221827956526,140.8007142857143
1744675200000,1432.77,1466.73,1403.0,1407.2,8051.31088797,2025-04-15 00:00:00+00:00,1821.429678411286,2464.298081474303,137.94214285714287
1744761600000,1407.21,1420.37,1353.2,1383.87,7020.53162108,2025-04-16 00:00:00+00:00,1804.2704753363337,2453.5475533004296,131.83785714285713
1744848000000,1383.76,1424.72,1374.79,1392.58,5313.170748,2025-04-17 00:00:00+00:00,1788.1257508133401,2442.9906622228136,127.19500000000001
1744934400000,1392.83,1404.61,1385.0,1394.77,1701.94514288,2025-04-18 00:00:00+00:00,1772.70003509517,2432.560605882288,123.05142857142856
1745020800000,1394.81,1430.97,1392.21,1415.38,2268.29695363,2025-04-19 00:00:00+00:00,1758.6874846992812,2422.439405823758,121.86142857142855
1745107200000,1415.59,1421.26,1376.0,1387.15,2577.38423451,2025-04-20 00:00:00+00:00,1744.117387260094,2412.1380187011337,106.4642857142857
1745193600000,1387.13,1439.0,1357.89,1371.93,6849.69793975,2025-04-21 00:00:00+00:00,1729.5218034459726,2401.787690156844,96.94285714285711
1745280000000,1371.93,1561.11,1338.33,1547.28,10367.89388566,2025-04-22 00:00:00+00:00,1722.3750660559347,2393.285126075681,101.6135714285714
1745366400000,1547.59,1611.07,1534.32,1585.47,10694.15133157,2025-04-23 00:00:00+00:00,1717.0062399360943,2385.247164622192,86.60285714285713
1745452800000,1585.06,1588.37,1514.79,1556.48,5542.77706765,2025-04-24 00:00:00+00:00,1710.7110932719338,2377.000725173215,76.87571428571427
1745539200000,1556.99,1608.25,1534.13,1572.6,6279.68899664,2025-04-25 00:00:00+00:00,1705.2949719671522,2368.9967378580586,76.8735714285714
1745625600000,1571.72,1619.76,1568.01,1602.83,3183.11296639,2025-04-26 00:00:00+00:00,1701.276737772362,2361.37318822763,72.91999999999997
1745712000000,1603.56,1635.09,1571.0,1579.52,3622.70578724,2025-04-27 00:00:00+00:00,1696.5019637420733,2353.5935545139228,72.20071428571426
1745798400000,1579.42,1611.88,1533.29,1577.57,5583.94235376,2025-04-28 00:00:00+00:00,1691.8379651639527,2345.8719271058244,71.94499999999996
1745884800000,1578.15,1619.41,1565.54,1579.03,4497.80734815,2025-04-29 00:00:00+00:00,1687.4141233928174,2338.241659174423,71.24071428571426
1745971200000,1578.98,1597.11,1525.05,1583.51,4640.37946013,2025-04-30 00:00:00+00:00,1683.3394518872167,2330.7318914214443,71.58999999999999
1746057600000,1584.67,1658.99,1583.2,1627.88,4889.72368936,2025-05-01 00:00:00+00:00,1681.1645714210513,2323.7383402630217,73.43714285714283
1746144000000,1627.64,1651.63,1602.34,1630.75,3736.12552839,2025-05-02 00:00:00+00:00,1679.1875294045396,2316.8429338922456,75.55714285714285
1746230400000,1630.76,1636.22,1605.1,1623.66,1817.94524815,2025-05-03 00:00:00+00:00,1677.0099792318126,2309.9455912664525,75.01142857142858
1746316800000,1623.94,1637.76,1595.0,1598.0,2151.50932677,2025-05-04 00:00:00+00:00,1673.9115486737026,2302.8615555324577,74.83285714285715
1746403200000,1597.92,1620.0,1572.3,1609.28,4535.87520332,2025-05-05 00:00:00+00:00,1671.3769781374788,2295.9602465221847,72.44642857142858
1746489600000,1609.42,1613.32,1544.9,1601.2,3418.86908965,2025-05-06 00:00:00+00:00,1668.6249397791462,2289.0472092433574,61.42071428571429
1746576000000,1602.44,1630.83,1575.4,1602.02,4011.93342621,2025-05-07 00:00:00+00:00,1666.0129813564345,2282.2111176090953,59.89785714285714
1746662400000,1602.24,1979.22,1599.48,1965.0,19771.14329664,2025-05-08 00:00:00+00:00,1677.7379624797115,2279.0547880806466,81.76642857142858
1746748800000,1965.0,2211.0,1945.93,2082.93,15133.34765666,2025-05-09 00:00:00+00:00,1693.6278463040367,2277.1032976519837,95.4057142857143
1746835200000,2083.58,2306.74,2060.6,2294.72,11657.15893495,2025-05-10 00:00:00+00:00,1717.200087625447,2277.278588222611,109.29071428571429
1746921600000,2294.14,2314.99,2165.44,2235.5,8147.75507758,2025-05-11 00:00:00+00:00,1737.5255743852335,2276.8628808771123,115.39499999999998
1747008000000,2239.45,2354.0,2171.19,2248.18,12500.89804725,2025-05-12 00:00:00+00:00,1757.5512381348324,2276.57747907734,122.83928571428568
1747094400000,2248.15,2446.08,2176.91,2396.24,12947.33945978,2025-05-13 00:00:00+00:00,1782.5978562471919,2277.7681509273166,138.2178571428571
1747180800000,2395.96,2433.09,2275.34,2333.53,12516.01293712,2025-05-14 00:00:00+00:00,1804.2030383551453,2278.3229951966964,144.33857142857138
1747267200000,2333.71,2364.48,2217.27,2277.25,8802.04645958,2025-05-15 00:00:00+00:00,1822.75389959612,2278.312318627575,149.44
1747353600000,2277.81,2362.45,2262.43,2272.08,8680.83532721,2025-05-16 00:00:00+00:00,1840.3745309845074,2278.2503055069033,153.06357142857138
1747440000000,2272.08,2272.08,2189.7,2217.28,5155.99409501,2025-05-17 00:00:00+00:00,1855.155137612566,2277.6436358003666,156.72499999999997
1747526400000,2217.28,2315.68,2067.36,2233.07,7155.79159869,2025-05-18 00:00:00+00:00,1869.9753282944262,2277.200117036184,171.40785714285707
1747612800000,2230.44,2266.0,2096.44,2250.39,6050.28443796,2025-05-19 00:00:00+00:00,1884.8935507142526,2276.933349702491,180.1121428571428
1747699200000,2250.92,2301.0,2168.66,2236.04,8957.98970834,2025-05-20 00:00:00+00:00,1898.6639997058505,2276.5264507004763,184.6778571428571
1747785600000,2236.49,2304.73,2163.78,2250.06,8999.90899536,2025-05-21 00:00:00+00:00,1912.4442350115035,2276.2631029323124,190.78642857142853
1747872000000,2250.83,2380.0,2246.46,2360.0,12221.0172682,2025-05-22 00:00:00+00:00,1929.9954414816407,2277.09630588821,173.20071428571424
1747958400000,2359.83,2412.76,2203.6,2224.47,11192.42407657,2025-05-23 00:00:00+00:00,1941.5434633843215,2276.572661053501,169.20714285714283
1748044800000,2224.47,2266.17,2214.82,2227.94,2316.28474648,2025-05-24 00:00:00+00:00,1952.774700114348,2276.088753978342,155.2935714285714
1748131200000,2228.14,2246.55,2169.05,2243.93,5076.8100853,2025-05-25 00:00:00+00:00,1964.1925550118247,2275.768766376568,150.14714285714285
1748217600000,2243.94,2279.89,2221.99,2252.05,5562.7665563,2025-05-26 00:00:00+00:00,1975.481082266263,2275.5327587509305,141.225
1748304000000,2251.81,2392.4,2203.88,2347.48,9479.70077184,2025-05-27 00:00:00+00:00,1990.0692751185663,2276.2486516986824,135.46428571428572
1748390400000,2347.2,2387.37,2302.01,2387.37,7958.05785578,2025-05-28 00:00:00+00:00,2005.649695702152,2277.354336756407,130.2935714285714
1748476800000,2387.37,2475.37,2302.8,2313.33,10284.50664064,2025-05-29 00:00:00+00:00,2017.7155899883423,2277.712303554851,132.10499999999996
1748563200000,2313.34,2333.96,2211.01,2232.6,7568.30133224,2025-05-30 00:00:00+00:00,2026.1424295966426,2277.2634249125144,133.74285714285708
1748649600000,2232.6,2249.77,2180.65,2230.42,2768.5219868,2025-05-31 00:00:00+00:00,2034.1533147105,2276.7973211820417,132.7957142857142
1748736000000,2230.43,2246.85,2180.0,2238.37,2968.94393362,2025-06-01 00:00:00+00:00,2042.1618121728334,2276.4149597772453,119.83357142857137
1748822400000,2238.38,2284.59,2166.13,2277.76,7248.58078915,2025-06-02 00:00:00+00:00,2051.400956793507,2276.4283432620487,116.18357142857137
1748908800000,2278.0,2331.54,2264.73,2278.86,7314.69557697,2025-06-03 00:00:00+00:00,2060.320919272193,2276.452538851481,111.50285714285708
1748995200000,2279.15,2345.0,2271.06,2284.43,5751.27497002,2025-06-04 00:00:00+00:00,2069.1095106732832,2276.531916574352,106.71642857142852
1749081600000,2284.44,2312.0,2091.55,2110.14,12454.66339972,2025-06-05 00:00:00+00:00,2070.7185494704095,2274.8762756134133,112.92428571428566
1749168000000,2110.14,2223.97,2082.09,2174.74,5719.13740201,2025-06-06 00:00:00+00:00,2074.7978220401974,2273.8798947615387,108.11857142857131
1749254400000,2174.81,2232.58,2159.43,2216.23,4514.26347689,2025-06-07 00:00:00+00:00,2080.34418196019,2273.3062639678915,109.6757142857142
1749340800000,2216.46,2235.0,2189.8,2201.52,5048.95375206,2025-06-08 00:00:00+00:00,2085.0961748244963,2272.5919727841315,107.36857142857131
1749427200000,2201.39,2357.7,2172.39,2346.1,9817.41644658,2025-06-09 00:00:00+00:00,2095.331618949026,2273.3233959405084,116.46928571428559
1749513600000,2346.23,2471.29,2329.08,2461.39,13950.64701024,2025-06-10 00:00:00+00:00,2109.686849578476,2275.1947054336374,113.16142857142846
1749600000000,2461.59,2504.97,2387.5,2409.55,9935.87112095,2025-06-11 00:00:00+00:00,2121.4461888106925,2276.531574036288,115.4549999999999
1749686400000,2409.55,2419.63,2261.82,2280.01,10095.58975987,2025-06-12 00:00:00+00:00,2127.664377484783,2276.566185239907,114.4007142857142
1749772800000,2280.01,2280.12,2115.35,2234.75,10583.72094164,2025-06-13 00:00:00+00:00,2131.8638136618506,2276.1501037947337,117.38785714285707
1749859200000,2234.71,2234.71,2157.44,2192.82,4021.92083177,2025-06-14 00:00:00+00:00,2134.2542523417783,2275.3209485330945,117.97285714285707
1749945600000,2192.82,2214.42,2159.42,2207.82,6372.95214592,2025-06-15 00:00:00+00:00,2137.139183622493,2274.6492973039094,117.1264285714285
1750032000000,2207.82,2318.0,2180.0,2201.81,9260.62265626,2025-06-16 00:00:00+00:00,2139.6752940686697,2273.9245281765075,118.52214285714278
1750118400000,2203.11,2264.32,2132.95,2185.41,14974.60168859,2025-06-17 00:00:00+00:00,2141.4688119483294,2273.0437866026123,123.13357142857139
1750204800000,2185.41,2211.99,2147.76,2201.05,7555.30885501,2025-06-18 00:00:00+00:00,2143.8053291268266,2272.3274305170144,122.43999999999993
1750291200000,2200.72,2218.0,2170.0,2189.29,3040.37858242,2025-06-19 00:00:00+00:00,2145.5890417100886,2271.5011874272927,110.12214285714279
1750377600000,2189.4,2231.08,2050.0,2089.17,10909.58348524,2025-06-20 00:00:00+00:00,2143.3765302704774,2269.6869467563743,112.92214285714282
1750464000000,2089.3,2200.61,1925.41,1994.34,10722.88421591,2025-06-21 00:00:00+00:00,2137.5319604559486,2266.947176141883,127.35428571428567
1750550400000,1994.69,2009.94,1839.18,1937.65,11555.55100747,2025-06-22 00:00:00+00:00,2129.693452202774,2263.670587324551,136.32285714285712
1750636800000,1936.77,2103.0,1901.28,2080.22,17310.70796145,2025-06-23 00:00:00+00:00,2127.753316822273,2261.8452083461975,137.49499999999998
1750723200000,2081.92,2135.62,2052.15,2107.74,8723.84074297,2025-06-24 00:00:00+00:00,2126.9684808684583,2260.311823188524,133.29928571428567
1750809600000,2109.58,2123.75,2061.27,2071.53,5832.4425199,2025-06-25 00:00:00+00:00,2124.7944227951857,2258.433397087146,129.37142857142854
1750896000000,2071.52,2154.26,2047.37,2066.94,6032.57425016,2025-06-26 00:00:00+00:00,2122.525621901257,2256.5279901509557,125.73428571428572
1750982400000,2066.95,2103.96,2036.98,2070.01,4078.23097378,2025-06-27 00:00:00+00:00,2120.4661857482665,2254.6720897514438,118.74928571428572
1751068800000,2070.01,2090.64,2056.06,2080.38,1313.54775947,2025-06-28 00:00:00+00:00,2118.894178464021,2252.937840102176,115.69714285714285
1751155200000,2080.08,2151.61,2060.0,2132.51,3255.60877399,2025-06-29 00:00:00+00:00,2119.428132249746,2251.7395531359853,118.31214285714286
1751241600000,2132.78,2151.82,2075.06,2110.05,7436.50197371,2025-06-30 00:00:00+00:00,2119.060362357599,2250.329706836125,113.93785714285717
1751328000000,2110.05,2120.0,2023.42,2037.58,6998.76067596,2025-07-01 00:00:00+00:00,2115.86505402985,2248.212794330293,111.45285714285714
1751414400000,2037.48,2218.37,2010.88,2179.02,9936.95100296,2025-07-02 00:00:00+00:00,2118.341718577699,2247.524308814569,121.6857142857143
1751500800000,2179.02,2240.0,2168.25,2203.04,11041.44721813,2025-07-03 00:00:00+00:00,2121.663219809946,2247.081678876116,123.38214285714287
1751587200000,2203.04,2212.19,2102.75,2131.52,4277.50774944,2025-07-04 00:00:00+00:00,2122.049760209556,2245.9318114246125,118.26500000000001
1751673600000,2131.63,2149.44,2115.71,2139.18,1222.70535371,2025-07-05 00:00:00+00:00,2122.7215343189855,2244.8696043457608,101.01714285714287
1751760000000,2139.18,2210.0,2128.4,2182.59,3443.19698503,2025-07-06 00:00:00+00:00,2125.0693172868687,2244.2499067900817,94.64857142857144
1751846400000,2182.43,2206.16,2143.98,2165.45,5036.14584497,2025-07-07 00:00:00+00:00,2126.6528734716976,2243.4658281155534,84.68142857142857
1751932800000,2165.42,2241.13,2150.0,2231.7,5742.80103436,2025-07-08 00:00:00+00:00,2130.7723686296704,2243.3487551989806,85.22857142857144
1752019200000,2231.71,2383.84,2213.79,2359.77,12609.18576995,2025-07-09 00:00:00+00:00,2139.7526678990953,2244.5071755452595,92.91214285714288
1752105600000,2360.36,2557.56,2348.28,2516.5,26531.33101684,2025-07-10 00:00:00+00:00,2154.527073079523,2247.213571808491,100.22571428571428
1752192000000,2515.35,2592.96,2490.0,2518.1,11076.95180201,2025-07-11 00:00:00+00:00,2168.784834919542,2249.90895915368,102.79571428571428
1752278400000,2518.29,2535.03,2473.48,2502.94,4469.35195273,2025-07-12 00:00:00+00:00,2181.888959040344,2252.426680953146,104.72214285714287
1752364800000,2503.81,2562.02,2500.01,2536.69,3791.70485213,2025-07-13 00:00:00+00:00,2195.8027253524874,2255.2551716899306,102.60785714285713
1752451200000,2536.62,2630.0,2527.69,2581.09,11152.01907612,2025-07-14 00:00:00+00:00,2210.912030240625,2258.497309285056,104.4328571428571
1752537600000,2581.09,2706.49,2510.73,2703.57,11153.0264881,2025-07-15 00:00:00+00:00,2230.2319506233457,2262.925893272269,111.51714285714282
1752624000000,2703.19,2938.02,2670.95,2901.25,23268.32463966,2025-07-16 00:00:00+00:00,2256.546383932234,2269.2773769213013,115.77285714285712
1752710400000,2897.64,3028.68,2847.84,2990.66,26585.13175329,2025-07-17 00:00:00+00:00,2285.335153189794,2276.4553134693483,123.56499999999996
1752796800000,2990.66,3159.25,2977.05,3050.24,22257.69529957,2025-07-18 00:00:00+00:00,2315.331421692155,2284.1546635840814,128.7621428571428
1752883200000,3050.78,3101.1,3018.75,3089.87,3198.87599044,2025-07-19 00:00:00+00:00,2345.70548358658,2292.1717316081204,132.23499999999993
1752969600000,3089.87,3282.32,3080.86,3231.63,14074.53917709,2025-07-20 00:00:00+00:00,2380.4476214851456,2301.519575074706,140.79642857142852
1753056000000,3229.67,3310.0,3182.92,3218.47,12375.61292075,2025-07-21 00:00:00+00:00,2413.3112441720027,2310.6434598998335,145.4321428571428
1753142400000,3218.48,3250.37,3091.81,3192.44,17150.76752072,2025-07-22 00:00:00+00:00,2443.8653130280027,2319.4175548262033,150.24857142857135
1753228800000,3191.41,3208.26,2995.66,3082.47,19013.06333654,2025-07-23 00:00:00+00:00,2468.9086340857284,2327.010116469724,153.2878571428571
1753315200000,3083.14,3208.5,2985.0,3153.48,12830.14629716,2025-07-24 00:00:00+00:00,2495.754570003935,2335.233697400374,154.3035714285714
1753401600000,3154.55,3195.5,2888.0,3171.28,9738.4872144,2025-07-25 00:00:00+00:00,2522.245763337114,2343.552566082957,168.9135714285714
1753488000000,3171.33,3227.11,3151.1,3184.55,4312.7338652,2025-07-26 00:00:00+00:00,2548.2184785003647,2351.9206997537735,169.94642857142853
1753574400000,3184.55,3298.25,3179.0,3293.42,8106.15214203,2025-07-27 00:00:00+00:00,2577.4420675787815,2361.2888519950297,174.035
1753660800000,3294.26,3354.04,3237.02,3274.22,10118.62048787,2025-07-28 00:00:00+00:00,2604.7666923796137,2370.3727440149796,175.08571428571426
1753747200000,3274.3,3359.5,3220.0,3284.18,7712.26720832,2025-07-29 00:00:00+00:00,2631.410351501982,2379.4653535272682,171.06714285714287
1753833600000,3284.08,3334.1,3222.0,3331.21,7691.60421659,2025-07-30 00:00:00+00:00,2658.853474972492,2388.9354495120715,159.99785714285713
1753920000000,3331.22,3382.8,3231.1,3239.62,6858.45140554,2025-07-31 00:00:00+00:00,2681.6286328167084,2397.399972402499,157.9164285714286
1754006400000,3239.63,3264.07,2961.91,3012.58,14582.45056751,2025-08-01 00:00:00+00:00,2694.6071178042885,2403.5211667069516,166.48500000000007
1754092800000,3012.15,3055.03,2911.0,2930.83,7140.43291386,2025-08-02 00:00:00+00:00,2703.870760243336,2408.7680207695694,170.89071428571438
1754179200000,2930.83,3040.69,2896.07,3020.76,4806.3352345,2025-08-03 00:00:00+00:00,2716.2977892534013,2414.8574931997227,166.83071428571435
1754265600000,3020.76,3226.0,3017.53,3213.48,7505.61384468,2025-08-04 00:00:00+00:00,2735.795130851307,2422.8039858047005,172.6442857142858
1754352000000,3213.18,3213.19,3063.17,3120.49,6633.65289822,2025-08-05 00:00:00+00:00,2750.881204151256,2429.7461351996785,172.05500000000006
1754438400000,3119.7,3171.63,3078.78,3159.23,5379.17463655,2025-08-06 00:00:00+00:00,2766.8948824198346,2437.0046811180896,163.5014285714286
1754524800000,3159.23,3362.78,3133.4,3349.86,7585.712223,2025-08-07 00:00:00+00:00,2789.7562595798413,2446.0878186194022,163.9214285714286
1754611200000,3349.47,3492.49,3325.96,3439.85,15861.12816629,2025-08-08 00:00:00+00:00,2815.250131753181,2455.9759995286618,153.85214285714287
1754697600000,3439.9,3695.46,3438.18,3644.97,17244.94742436,2025-08-09 00:00:00+00:00,2847.788165802076,2467.806785603004,166.8
1754784000000,3644.87,3700.49,3549.37,3646.16,15422.48567489,2025-08-10 00:00:00+00:00,2879.096865182387,2479.5316932089445,169.07642857142858
1754870400000,3645.55,3755.56,3582.02,3637.37,17356.79148466,2025-08-11 00:00:00+00:00,2908.8330665477833,2491.052472380995,173.11357142857145
1754956800000,3637.38,3966.73,3634.34,3926.42,25817.45563093,2025-08-12 00:00:00+00:00,2948.738436487086,2505.334736337403,186.89142857142858
1755043200000,3927.36,4064.28,3906.16,4039.98,30202.74495792,2025-08-13 00:00:00+00:00,2991.532223291514,2520.604838463399,190.17857142857147
1755129600000,4040.79,4100.0,3806.23,3906.63,28367.7944664,2025-08-14 00:00:00+00:00,3027.4184106134153,2534.396133603067,200.32642857142858
1755216000000,3906.63,3998.56,3738.78,3801.12,22352.36096185,2025-08-15 00:00:00+00:00,3057.7596494128893,2547.000351179156,197.29928571428567
1755302400000,3799.57,3842.19,3744.2,3785.73,9718.31921778,2025-08-16 00:00:00+00:00,3086.3075062986586,2559.326019326627,194.01071428571427
1755388800000,3786.11,3915.47,3765.0,3823.49,7169.8687532,2025-08-17 00:00:00+00:00,3115.2166236987114,2571.9047654029787,194.4285714285714
1755475200000,3823.74,3830.82,3619.36,3697.12,15364.21715336,2025-08-18 00:00:00+00:00,3138.036363945821,2583.100936891506,194.64214285714283
1755561600000,3698.73,3734.85,3492.47,3501.19,12990.58694931,2025-08-19 00:00:00+00:00,3152.2776830067696,2592.2361514497998,201.21857142857144
1755648000000,3501.1,3756.53,3496.26,3721.94,11414.42081843,2025-08-20 00:00:00+00:00,3174.6173817123868,2603.476985763732,213.17714285714285
1755734400000,3720.48,3725.76,3621.92,3636.49,5569.0026872,2025-08-21 00:00:00+00:00,3192.73003340994,2613.7557222237947,204.21
1755820800000,3638.05,4157.83,3625.56,4098.87,25817.4713549,2025-08-22 00:00:00+00:00,3228.2649340605303,2628.5329787190803,230.33428571428573
1755907200000,4100.1,4100.1,3956.43,4053.93,5729.74499159,2025-08-23 00:00:00+00:00,3260.643956254235,2642.7160336571988,222.21928571428575
1755993600000,4054.2,4205.0,4012.29,4078.63,16675.54797908,2025-08-24 00:00:00+00:00,3292.7218403226966,2657.003734814839,225.19000000000005
1756080000000,4078.61,4095.66,3733.01,3770.45,14581.69021194,2025-08-25 00:00:00+00:00,3311.456277957101,2668.0828021301145,238.69785714285717
1756166400000,3770.1,3980.0,3707.18,3954.62,13711.64089988,2025-08-26 00:00:00+00:00,3336.6783847038814,2680.8841672830486,234.4428571428572
1756252800000,3954.62,4022.34,3850.57,3870.08,8967.47875102,2025-08-27 00:00:00+00:00,3357.5960951076513,2692.7169616384413,235.41785714285717
1756339200000,3870.09,3975.03,3793.1,3860.97,5940.49729826,2025-08-28 00:00:00+00:00,3377.3362482406847,2704.3413699803477,227.42928571428575
1756425600000,3862.76,3865.26,3658.0,3733.21,8708.78572899,2025-08-29 00:00:00+00:00,3391.292081643011,2714.578868786514,223.67785714285722
1756512000000,3734.51,3779.88,3650.0,3746.35,3476.15280352,2025-08-30 00:00:00+00:00,3405.2159215785796,2724.8452482015737,225.95571428571435
1756598400000,3746.35,3849.94,3745.34,3758.6,4515.7160396,2025-08-31 00:00:00+00:00,3419.074120732361,2735.1313651348914,222.67928571428578
1756684800000,3758.6,3830.0,3600.0,3683.09,7798.04217421,2025-09-01 00:00:00+00:00,3429.4276846252096,2744.5637893624053,224.00357142857152
1756771200000,3683.43,3787.0,3660.44,3717.4,7459.09859722,2025-09-02 00:00:00+00:00,3440.720716600692,2754.243751657307,215.73071428571436
1756857600000,3717.61,3847.0,3683.86,3818.4,5444.97662102,2025-09-03 00:00:00+00:00,3455.5316688908606,2764.8323710438012,208.7928571428572
1756944000000,3817.79,3845.0,3664.54,3688.65,7650.0644825,2025-09-04 00:00:00+00:00,3464.673564228474,2774.0245862572956,214.26571428571432
1757030400000,3688.65,3830.0,3628.94,3677.95,7682.1326884,2025-09-05 00:00:00+00:00,3473.0373460234355,2783.0188689811034,190.6078571428572
1757116800000,3678.46,3695.0,3616.38,3649.98,2148.48308795,2025-09-06 00:00:00+00:00,3479.9762736303596,2791.645347896714,185.96142857142857
1757203200000,3649.98,3702.98,3645.57,3676.62,2377.45557707,2025-09-07 00:00:00+00:00,3487.687792311522,2800.4510658280906,176.29714285714286
1757289600000,3676.62,3730.0,3641.32,3660.44,7082.58476325,2025-09-08 00:00:00+00:00,3494.4623886914624,2809.008169650697,156.72785714285715
1757376000000,3659.27,3723.41,3635.02,3682.43,7886.63772628,2025-09-09 00:00:00+00:00,3501.833667566307,2817.6989341317844,143.5542857142857
1757462400000,3683.35,3799.25,3663.88,3715.72,11538.3799005,2025-09-10 00:00:00+00:00,3510.2213668774325,2826.6344671254983,140.9542857142857
1757548800000,3716.57,3832.14,3709.31,3801.78,6466.04174263,2025-09-11 00:00:00+00:00,3521.655038764592,2836.3374077511153,136.73285714285709
1757635200000,3801.76,4044.54,3796.32,4013.93,11151.82973822,2025-09-12 00:00:00+00:00,3540.9599392051964,2848.0547469774724,139.65857142857135
1757721600000,4014.05,4056.54,3912.93,3967.49,6127.05193175,2025-09-13 00:00:00+00:00,3557.686608255973,2859.193406211528,140.63928571428565
1757808000000,3966.97,3985.15,3858.43,3928.46,7984.65901284,2025-09-14 00:00:00+00:00,3572.226741265543,2869.832874806438,142.21928571428566
1757894400000,3928.46,3983.18,3800.0,3846.99,5293.66945286,2025-09-15 00:00:00+00:00,3583.0017710198354,2879.5558312760263,138.87499999999994
1757980800000,3846.39,3858.89,3740.69,3793.38,6806.89004653,2025-09-16 00:00:00+00:00,3591.251897646509,2888.6486090742746,138.27785714285707
1758067200000,3793.62,3906.0,3715.32,3882.93,9986.67915549,2025-09-17 00:00:00+00:00,3602.690254601548,2898.541956247665,140.24499999999992
1758153600000,3882.75,3937.0,3863.4,3893.03,5509.33870273,2025-09-18 00:00:00+00:00,3614.0761269701147,2908.4373596680866,132.61214285714277
1758240000000,3892.86,3923.39,3780.0,3808.49,3434.29974107,2025-09-19 00:00:00+00:00,3621.7002004222672,2917.393107333081,128.49285714285705
1758326400000,3808.64,3843.26,3800.0,3818.86,1385.15740078,2025-09-20 00:00:00+00:00,3629.4319572684526,2926.3629271606123,125.96714285714279
1758412800000,3818.86,3830.0,3790.0,3790.01,3250.52470875,2025-09-21 00:00:00+00:00,3635.729135414788,2934.956430372945,124.72357142857138
1758499200000,3790.12,3799.76,3455.28,3563.35,12305.04128968,2025-09-22 00:00:00+00:00,3632.8907379475413,2941.2091027075426,142.99499999999995
1758585600000,3563.35,3584.99,3491.81,3525.96,4553.11686787,2025-09-23 00:00:00+00:00,3628.697375675089,2947.027519596025,143.33714285714282
1758672000000,3525.96,3584.0,3457.0,3538.95,4764.83526672,2025-09-24 00:00:00+00:00,3625.1778707466547,2952.9172955204426,142.73928571428567
1758758400000,3538.77,3545.16,3281.8,3323.97,16735.59952829,2025-09-25 00:00:00+00:00,3613.365797384041,2956.609362231682,152.7771428571428
1758844800000,3325.33,3479.95,3318.96,3450.83,5750.01314153,2025-09-26 00:00:00+00:00,3606.9918445454514,2961.526980517934,146.54642857142852
1758931200000,3450.83,3456.12,3399.1,3438.12,1491.37698252,2025-09-27 00:00:00+00:00,3600.3694192691596,2966.2691996172584,140.3614285714285
1759017600000,3438.92,3543.7,3393.88,3542.69,2575.60773203,2025-09-28 00:00:00+00:00,3598.1074812586044,2972.0047299693256,142.01142857142847
1759104000000,3541.74,3613.41,3481.0,3596.85,4693.87129398,2025-09-29 00:00:00+00:00,3598.058168268071,2978.2220958402777,138.3849999999999
1759190400000,3595.96,3623.19,3484.2,3533.38,5711.32065977,2025-09-30 00:00:00+00:00,3595.52176951246,2983.7460550856485,139.86999999999992
1759276800000,3533.38,3710.0,3506.2,3706.29,6554.79494998,2025-10-01 00:00:00+00:00,3599.8656216884424,2990.9355470748465,140.8071428571428
1759363200000,3706.28,3850.0,3696.01,3825.0,5877.23151685,2025-10-02 00:00:00+00:00,3608.6944208379155,2999.2346958601715,146.54928571428565
1759449600000,3825.0,3905.26,3772.9,3839.86,6274.91888551,2025-10-03 00:00:00+00:00,3617.7597376678013,3007.5991267471354,145.76142857142852
1759536000000,3840.47,3844.87,3772.43,3813.66,3660.33838105,2025-10-04 00:00:00+00:00,3625.442100896515,3015.6196329486565,147.84571428571422
1759622400000,3813.85,3905.66,3796.63,3841.79,4917.59366062,2025-10-05 00:00:00+00:00,3633.9263322339066,3023.840233615834,152.7764285714285
1759708800000,3841.79,4033.67,3824.54,3993.57,9114.72749051,2025-10-06 00:00:00+00:00,3648.0300054796357,3033.4892860176665,143.10857142857137
1759795200000,3991.9,4074.0,3802.0,3817.66,10252.18356985,2025-10-07 00:00:00+00:00,3654.682162127493,3041.2919796891324,155.88142857142853
1759881600000,3818.44,3928.73,3793.73,3892.36,5561.28868456,2025-10-08 00:00:00+00:00,3664.002861651905,3049.7603181996883,156.45285714285708
1759968000000,3892.06,3894.9,3690.49,3776.98,7721.77564444,2025-10-09 00:00:00+00:00,3668.4333376655554,3056.99633493402,152.24214285714285
1760054400000,3777.47,3798.0,2967.93,3340.39,36449.15565882,2025-10-10 00:00:00+00:00,3655.56889305122,3059.816172397363,200.03357142857143
1760140800000,3339.0,3383.32,3182.42,3270.44,9697.43184156,2025-10-11 00:00:00+00:00,3640.4657992060747,3061.9119318759963,210.3107142857143
1760227200000,3270.44,3634.04,3224.63,3586.7,10052.02538483,2025-10-12 00:00:00+00:00,3638.357336492111,3067.133703698126,228.85285714285718
1760313600000,3585.48,3713.0,3498.75,3671.57,5665.20989896,2025-10-13 00:00:00+00:00,3639.659793884577,3073.1479952036175,234.69857142857148
1760400000000,3671.58,3693.26,3372.55,3556.19,9930.28678832,2025-10-14 00:00:00+00:00,3636.3864686342017,3077.9543833110442,247.67857142857147
1760486400000,3558.61,3624.68,3371.98,3424.45,11910.77934791,2025-10-15 00:00:00+00:00,3628.0752345701158,3081.402100890039,251.17142857142858
1760572800000,3424.45,3507.35,3276.24,3331.24,7607.74779048,2025-10-16 00:00:00+00:00,3616.4346371359934,3083.8880501349145,256.68
1760659200000,3330.88,3374.75,3135.0,3292.7,13474.68516485,2025-10-17 00:00:00+00:00,3603.739161169876,3085.9657809793434,264.35071428571433
1760745600000,3292.7,3374.59,3283.38,3342.34,1952.57250744,2025-10-18 00:00:00+00:00,3593.488213673018,3088.516768233281,265.6914285714286
1760832000000,3342.58,3459.9,3285.86,3419.19,3726.83571766,2025-10-19 00:00:00+00:00,3586.6529896074094,3091.8070491463823,270.33500000000004
1760918400000,3419.19,3503.17,3357.46,3418.58,5209.24217582,2025-10-20 00:00:00+00:00,3580.061891975746,3095.0585212941796,265.805
1761004800000,3418.58,3537.0,3302.55,3341.42,6711.3907691,2025-10-21 00:00:00+00:00,3570.70338640807,3097.5098792912527,263.1228571428572
1761091200000,3340.41,3352.22,3194.93,3278.67,5586.43609249,2025-10-22 00:00:00+00:00,3559.2510967450085,3099.3124675570116,264.71500000000003
1761177600000,3279.03,3388.06,3272.46,3321.34,4298.22733701,2025-10-23 00:00:00+00:00,3549.9212498138313,3101.521696735549,258.37142857142857
1761264000000,3321.36,3457.87,3312.45,3385.09,3387.29009946,2025-10-24 00:00:00+00:00,3543.4572792328972,3104.3432718924096,209.46785714285713
1761350400000,3385.08,3409.37,3365.82,3398.55,1126.84218942,2025-10-25 00:00:00+00:00,3537.7746408316075,3107.2707020228336,198.22857142857137
1761436800000,3399.64,3585.86,3371.52,3572.93,4701.61658039,2025-10-26 00:00:00+00:00,3539.153282367623,3111.904127873353,184.295
1761523200000,3572.94,3657.26,3518.24,3535.88,7009.30436268,2025-10-27 00:00:00+00:00,3539.0249183532064,3116.122793267648,178.92142857142858
1761609600000,3535.68,3583.75,3373.26,3418.23,8055.66223385,2025-10-28 00:00:00+00:00,3534.287862731512,3119.1288351256817,171.04857142857142
1761696000000,3418.23,3472.31,3317.0,3364.84,6760.10502202,2025-10-29 00:00:00+00:00,3527.642848506747,3121.5737223383617,164.09214285714285
1761782400000,3364.65,3399.18,3182.96,3287.09,12060.95471237,2025-10-30 00:00:00+00:00,3518.2094034672673,3123.2206504742985,163.0285714285714
1761868800000,3289.72,3384.54,3282.11,3331.75,7093.93458049,2025-10-31 00:00:00+00:00,3510.8972699979627,3125.295569375052,153.21999999999997
1761955200000,3331.76,3361.48,3319.02,3351.45,2456.64454679,2025-11-01 00:00:00+00:00,3504.6444358803956,3127.5458622170913,149.7378571428571
1762041600000,3351.45,3388.36,3326.28,3353.44,3467.75926813,2025-11-02 00:00:00+00:00,3498.7148501595957,3129.793565080603,141.74071428571423
